Nome;Valore
2-faced;0.82
2-faces;0.73
abnormal;0.6
abolish;0.88
abominable;0.73
abominably;0.83
abominate;0.84
abomination;0.81
abort;0.87
aborted;0.76
aborts;0.69
abrade;0.65
worthless;0.74
abrasive;0.99
abrupt;0.98
abruptly;0.77
abscond;0.95
absence;0.89
absent-minded;0.71
absentee;0.72
absurd;0.93
absurdity;0.89
absurdly;0.83
absurdness;0.63
abuse;0.76
abused;0.64
abuses;0.7
abusive;0.8
abysmal;0.84
abysmally;0.88
abyss;0.67
accidental;0.82
accost;0.63
accursed;0.73
accusation;0.83
accusations;0.83
accuse;0.88
accuses;1
accusing;0.78
accusingly;0.64
acerbate;0.8
acerbic;0.64
acerbically;0.64
ache;0.64
ached;0.79
aches;0.92
achey;0.86
aching;0.96
acrid;0.65
acridly;0.71
acridness;0.64
acrimonious;0.83
acrimoniously;0.68
acrimony;0.61
adamant;0.77
adamantly;0.86
addict;0.94
addicted;0.84
addicting;0.71
addicts;0.72
admonish;0.8
admonisher;0.9
admonishingly;0.62
admonishment;0.83
admonition;0.64
adulterate;0.93
adulterated;0.89
adulteration;0.75
adulterier;0.97
adversarial;0.67
adversary;0.9
adverse;0.63
adversity;0.8
afflict;0.68
affliction;0.83
afflictive;0.98
affront;0.69
afraid;0.74
aggravate;0.96
aggravating;0.93
aggravation;0.94
aggression;0.8
aggressive;0.74
aggressiveness;0.85
aggressor;0.76
aggrieve;0.65
aggrieved;0.89
aggrivation;0.96
aghast;0.62
agonies;0.9
agonize;0.81
agonizing;0.84
agonizingly;0.75
agony;0.79
aground;0.94
ail;0.88
ailing;0.85
ailment;0.87
aimless;0.8
alarm;0.84
alarmed;0.87
alarming;0.64
alarmingly;0.9
alienate;0.79
alienated;0.83
alienation;0.71
allegation;0.62
allegations;0.71
allege;0.8
allergic;0.89
allergies;0.98
allergy;0.82
aloof;0.97
altercation;0.86
ambiguity;0.67
ambiguous;0.91
ambivalence;0.66
ambivalent;0.62
ambush;0.68
amiss;0.63
amputate;0.9
anarchism;0.88
anarchist;0.62
anarchistic;0.69
anarchy;0.86
anemic;0.81
anger;0.92
angrily;0.97
angriness;0.75
angry;0.99
anguish;0.68
animosity;0.94
annihilate;0.72
annihilation;0.83
annoy;0.96
annoyance;0.83
annoyances;0.62
annoyed;0.9
annoying;0.95
annoyingly;0.77
annoys;0.75
anomalous;0.79
anomaly;0.73
antagonism;0.6
antagonist;0.76
antagonistic;0.63
antagonize;0.71
anti-;0.97
anti-american;0.67
anti-israeli;0.76
anti-occupation;0.61
anti-proliferation;0.92
anti-semites;0.96
anti-social;0.61
anti-us;0.99
anti-white;0.65
antipathy;0.66
antiquated;0.96
antithetical;0.72
anxieties;0.79
anxiety;0.69
anxious;0.98
anxiously;0.99
anxiousness;0.85
apathetic;0.94
apathetically;0.65
apathy;0.65
apocalypse;0.85
apocalyptic;0.61
apologist;0.65
apologists;0.62
appal;0.89
appall;0.82
appalled;0.79
appalling;0.68
appallingly;0.97
apprehension;0.96
apprehensions;0.82
apprehensive;0.69
apprehensively;0.6
arbitrary;0.91
arcane;0.7
archaic;0.62
arduous;0.64
arduously;0.93
argumentative;0.82
arrogance;0.72
arrogant;0.86
arrogantly;0.94
ashamed;0.81
asinine;0.76
asininely;0.66
asinininity;0.87
askance;0.87
asperse;0.67
aspersion;0.91
aspersions;0.82
assail;0.9
assassin;0.81
assassinate;0.99
assault;0.79
assult;0.8
astray;0.64
asunder;0.65
atrocious;0.68
atrocities;0.76
atrocity;0.72
atrophy;0.65
attack;0.79
attacks;0.88
audacious;0.85
audaciously;0.7
audaciousness;0.76
audacity;0.78
audiciously;0.78
austere;0.81
authoritarian;0.95
autocrat;0.87
autocratic;0.95
avalanche;0.78
avarice;0.8
avaricious;0.83
avariciously;0.88
avenge;0.61
averse;0.98
aversion;0.63
aweful;0.62
awful;0.91
awfully;0.92
awfulness;0.64
awkward;0.75
awkwardness;0.74
ax;0.97
babble;0.62
back-logged;0.9
back-wood;0.63
back-woods;0.91
backache;0.89
backaches;0.84
backaching;0.69
backbite;0.73
backbiting;0.88
backward;0.81
backwardness;0.99
backwood;0.9
backwoods;0.84
bad;0.68
badly;0.78
baffle;0.69
baffled;0.84
bafflement;0.63
baffling;0.82
bait;0.76
balk;0.81
banal;0.88
banalize;0.65
bane;0.68
banish;0.82
banishment;0.97
bankrupt;0.83
barbarian;0.75
barbaric;0.95
barbarically;0.94
barbarity;0.82
barbarous;0.97
barbarously;0.81
barren;0.72
baseless;0.73
bash;0.66
bashed;0.9
bashful;0.75
bashing;1
bastard;0.71
bastards;0.88
battered;0.99
battering;0.67
batty;0.6
bearish;0.73
beastly;0.7
bedlam;0.64
bedlamite;0.67
befoul;0.64
beg;0.71
beggar;0.86
beggarly;0.97
begging;0.61
beguile;0.77
belabor;0.69
belated;0.71
beleaguer;0.63
belie;0.91
belittle;0.89
belittled;0.7
belittling;0.84
bellicose;0.86
belligerence;0.82
belligerent;0.96
belligerently;0.8
bemoan;0.68
bemoaning;0.94
bemused;0.71
bent;0.99
berate;0.61
bereave;0.97
bereavement;0.9
bereft;0.75
berserk;0.72
beseech;0.69
beset;0.62
besiege;0.81
besmirch;0.86
bestial;0.75
betray;0.62
betrayal;0.61
betrayals;0.92
betrayer;0.75
betraying;0.76
betrays;1
bewail;0.82
beware;0.79
bewilder;0.73
bewildered;0.67
bewildering;0.91
bewilderingly;0.8
bewilderment;0.84
bewitch;0.97
bias;0.98
biased;0.68
biases;0.87
bicker;0.97
bickering;0.84
bid-rigging;0.89
bigotries;0.72
bigotry;0.62
bitch;0.62
bitchy;0.8
biting;0.64
bitingly;0.74
bitter;0.98
bitterly;0.87
bitterness;0.85
bizarre;0.81
blab;0.82
blabber;0.66
blackmail;0.84
blah;0.73
blame;0.98
blameworthy;0.67
bland;0.87
blandish;0.83
blaspheme;1
blasphemous;0.72
blasphemy;0.81
blasted;0.94
blatant;0.82
blatantly;0.87
blather;0.97
bleak;0.94
bleakly;0.72
bleakness;0.78
bleed;0.84
bleeding;0.85
bleeds;0.99
blemish;0.82
blind;0.83
blinding;0.77
blindingly;0.91
blindside;0.96
blister;0.77
blistering;0.95
bloated;0.68
blockage;0.88
blockhead;0.98
bloodshed;0.73
bloodthirsty;0.64
bloody;0.61
blotchy;0.62
blow;0.87
blunder;0.93
blundering;0.9
blunders;0.99
blunt;0.63
blur;0.67
bluring;0.91
blurred;0.62
blurring;0.61
blurry;0.94
blurs;0.82
blurt;0.62
boastful;0.62
boggle;0.98
bogus;0.8
boil;0.76
boiling;0.78
boisterous;0.69
bomb;0.61
bombard;0.96
bombardment;0.79
bombastic;0.85
bondage;0.96
bonkers;0.86
bore;0.77
bored;0.91
boredom;0.64
bores;0.7
boring;0.71
botch;0.68
bother;0.7
bothered;0.75
bothering;0.85
bothers;0.88
bothersome;0.84
bowdlerize;0.93
boycott;0.88
braggart;0.98
bragger;1
brainless;0.87
brainwash;0.74
brash;0.88
brashly;0.81
brashness;0.62
brat;0.9
bravado;0.65
brazen;0.96
brazenly;0.64
brazenness;0.85
breach;0.97
break;0.97
break-up;0.75
break-ups;0.91
breakdown;0.64
breaking;0.98
breaks;0.95
breakup;0.71
breakups;0.62
bribery;0.97
brimstone;0.85
bristle;0.84
brittle;0.67
broke;0.64
broken;1
broken-hearted;0.66
brood;0.93
browbeat;0.6
bruise;0.91
bruised;0.96
bruises;0.66
bruising;0.8
brusque;0.94
brutal;0.81
brutalising;0.77
brutalities;0.7
brutality;0.74
brutalize;0.77
brutalizing;0.73
brutally;0.82
brute;0.99
brutish;1
bs;0.62
buckle;0.82
bug;0.83
bugging;0.62
buggy;0.83
bugs;0.64
bulkier;0.71
bulkiness;0.76
bulky;0.69
bulkyness;0.9
bull****;0.66
bull----;0.7
bullies;0.87
bullshit;0.94
bullshyt;0.68
bully;0.74
bullying;0.72
bullyingly;0.85
bum;0.68
bump;0.76
bumped;0.69
bumping;0.89
bumpping;0.75
bumps;0.71
bumpy;0.94
bungle;0.89
bungler;0.95
bungling;0.67
bunk;0.96
burden;0.88
burdensome;0.96
burdensomely;0.76
burn;0.75
burned;0.84
burning;0.81
burns;0.77
bust;0.79
busts;0.85
busybody;0.82
butcher;0.94
butchery;0.89
buzzing;0.75
byzantine;0.62
cackle;0.83
calamities;0.8
calamitous;0.71
calamitously;0.73
calamity;0.81
callous;0.69
calumniate;0.97
calumniation;0.8
calumnies;0.77
calumnious;0.76
calumniously;0.74
calumny;0.97
cancer;0.96
cancerous;0.73
cannibal;0.86
cannibalize;0.79
capitulate;0.88
capricious;0.95
capriciously;0.77
capriciousness;0.98
capsize;0.7
careless;0.87
carelessness;0.83
caricature;0.61
carnage;0.94
carp;0.97
cartoonish;0.67
cash-strapped;0.85
castigate;0.77
castrated;0.63
casualty;0.88
cataclysm;0.82
cataclysmal;0.68
cataclysmic;0.63
cataclysmically;0.67
catastrophe;0.7
catastrophes;0.89
catastrophic;0.77
catastrophically;0.92
catastrophies;0.74
caustic;0.73
caustically;0.91
cautionary;0.76
cave;0.62
censure;0.9
chafe;0.69
chaff;0.8
chagrin;0.97
challenging;0.63
chaos;0.98
chaotic;0.99
chasten;0.89
chastise;0.84
chastisement;0.68
chatter;0.98
chatterbox;0.95
cheap;0.76
cheapen;0.76
cheaply;0.66
cheat;0.9
cheated;0.87
cheater;0.89
cheating;0.79
cheats;0.8
checkered;0.71
cheerless;0.63
cheesy;0.67
chide;0.81
childish;0.73
chill;0.89
chilly;0.61
chintzy;0.84
choke;0.82
choleric;0.67
choppy;0.89
chore;0.81
chronic;0.69
chunky;0.71
clamor;1
clamorous;0.72
clash;0.83
cliche;0.97
cliched;0.61
clique;0.75
clog;0.66
clogged;0.82
clogs;0.89
cloud;0.69
clouding;0.98
cloudy;0.97
clueless;0.74
clumsy;0.66
clunky;1
coarse;0.84
cocky;0.87
coerce;0.64
coercion;0.97
coercive;0.61
cold;0.63
coldly;0.78
collapse;0.91
collude;0.74
collusion;0.85
combative;0.91
combust;0.75
comical;0.81
commiserate;0.75
commonplace;0.92
commotion;0.67
commotions;0.65
complacent;0.67
complain;0.72
complained;0.99
complaining;0.67
complains;0.7
complaint;0.67
complaints;0.63
complex;0.84
complicated;0.77
complication;0.82
complicit;0.61
compulsion;0.74
compulsive;0.8
concede;0.7
conceded;1
conceit;0.85
conceited;0.94
concen;0.87
concens;0.95
concern;0.8
concerned;0.76
concerns;0.96
concession;0.61
concessions;0.82
condemn;0.77
condemnable;0.91
condemnation;0.63
condemned;0.8
condemns;0.79
condescend;0.62
condescending;0.79
condescendingly;0.88
condescension;0.79
confess;0.78
confession;0.69
confessions;0.75
confined;0.75
conflict;0.99
conflicted;0.74
conflicting;0.78
conflicts;0.95
confound;0.79
confounded;0.64
confounding;0.87
confront;0.81
confrontation;0.98
confrontational;0.91
confuse;0.82
confused;0.98
confuses;0.68
confusing;0.9
confusion;0.77
confusions;0.85
congested;0.67
congestion;0.64
cons;0.92
conscons;0.68
conservative;0.83
conspicuous;0.6
conspicuously;0.91
conspiracies;0.7
conspiracy;0.9
conspirator;0.66
conspiratorial;0.8
conspire;0.68
consternation;0.83
contagious;0.81
contaminate;0.77
contaminated;0.7
contaminates;0.96
contaminating;0.93
contamination;0.87
contempt;0.9
contemptible;0.89
contemptuous;0.62
contemptuously;0.72
contend;0.95
contention;0.76
contentious;0.89
contort;0.95
contortions;0.76
contradict;0.67
contradiction;0.77
contradictory;0.89
contrariness;0.83
contravene;0.82
contrive;0.84
contrived;0.7
controversial;0.72
controversy;0.63
convoluted;0.99
corrode;0.63
corrosion;0.62
corrosions;0.97
corrosive;0.61
corrupt;0.78
corrupted;0.62
corrupting;0.98
corruption;0.66
corrupts;0.66
corruptted;0.66
costlier;0.89
costly;0.7
counter-productive;0.68
counterproductive;0.73
coupists;0.93
covetous;0.96
coward;0.64
cowardly;0.95
crabby;0.83
crack;0.83
cracked;0.94
cracks;0.8
craftily;0.89
craftly;0.95
crafty;0.75
cramp;0.98
cramped;0.6
cramping;0.9
cranky;0.91
crap;0.63
crappy;0.82
craps;0.72
crash;0.81
crashed;0.97
crashes;0.72
crashing;0.86
crass;0.92
craven;0.69
cravenly;0.67
craze;0.75
crazily;0.74
craziness;0.94
crazy;0.87
creak;0.63
creaking;0.64
creaks;0.66
credulous;0.86
creep;0.83
creeping;0.86
creeps;0.71
creepy;0.67
crept;0.94
crime;0.76
criminal;0.98
cringe;0.66
cringed;0.79
cringes;0.77
cripple;0.7
crippled;0.67
cripples;0.88
crippling;0.67
crisis;0.62
critic;0.88
critical;0.62
criticism;0.83
criticisms;0.96
criticize;0.68
criticized;0.6
criticizing;0.66
critics;0.64
cronyism;0.98
crook;0.69
crooked;0.76
crooks;0.72
crowded;0.82
crowdedness;0.8
crude;0.7
cruel;0.7
crueler;0.72
cruelest;0.93
cruelly;0.86
cruelness;0.63
cruelties;0.89
cruelty;0.91
crumble;0.97
crumbling;0.9
crummy;0.91
crumple;0.97
crumpled;0.97
crumples;0.78
crush;0.89
crushed;0.62
crushing;0.78
cry;0.98
culpable;0.72
culprit;0.97
cumbersome;0.66
cunt;0.73
cunts;0.8
cuplrit;0.78
curse;0.93
cursed;0.63
curses;0.62
curt;0.84
cuss;0.66
cussed;0.76
cutthroat;0.8
cynical;0.73
cynicism;0.86
d*mn;0.72
damage;0.77
damaged;0.71
damages;0.99
damaging;0.68
damn;0.69
damnable;0.76
damnably;0.93
damnation;0.71
damned;0.72
damning;0.81
damper;0.62
danger;0.84
dangerous;0.92
dangerousness;0.75
dark;0.88
darken;0.98
darkened;0.97
darker;0.63
darkness;0.62
dastard;0.8
dastardly;0.67
daunt;0.93
daunting;0.64
dauntingly;0.78
dawdle;0.77
daze;0.7
dazed;0.75
dead;0.91
deadbeat;0.88
deadlock;1
deadly;0.76
deadweight;0.62
deaf;0.96
dearth;0.96
death;0.63
debacle;0.85
debase;0.82
debasement;0.98
debaser;0.63
debatable;0.96
debauch;0.93
debaucher;0.99
debauchery;0.67
debilitate;0.96
debilitating;0.67
debility;0.96
debt;0.89
debts;0.66
decadence;0.74
decadent;0.81
decay;0.99
decayed;0.8
deceit;0.8
deceitful;0.68
deceitfully;0.98
deceitfulness;0.95
deceive;0.71
deceiver;0.78
deceivers;0.99
deceiving;0.9
deception;0.82
deceptive;0.91
deceptively;0.95
declaim;0.73
decline;0.92
declines;0.97
declining;0.89
decrement;0.76
decrepit;0.64
decrepitude;0.97
decry;0.9
defamation;0.99
defamations;0.66
defamatory;0.95
defame;0.97
defect;0.84
defective;0.91
defects;0.92
defensive;0.84
defiance;0.95
defiant;0.74
defiantly;0.91
deficiencies;0.72
deficiency;0.66
deficient;0.84
defile;0.75
defiler;0.88
deform;0.62
deformed;0.81
defrauding;0.7
defunct;0.68
defy;0.71
degenerate;0.71
degenerately;0.85
degeneration;0.69
degradation;0.6
degrade;0.97
degrading;0.98
degradingly;0.93
dehumanization;0.85
dehumanize;0.99
deign;0.79
deject;0.92
dejected;0.87
dejectedly;0.9
dejection;0.93
delay;0.97
delayed;0.63
delaying;0.69
delays;0.94
delinquency;0.88
delinquent;0.73
delirious;0.88
delirium;0.69
delude;0.82
deluded;0.74
deluge;0.98
delusion;0.98
delusional;0.69
delusions;0.83
demean;0.74
demeaning;0.69
demise;0.71
demolish;0.77
demolisher;0.97
demon;0.91
demonic;0.68
demonize;0.68
demonized;0.8
demonizes;0.99
demonizing;0.82
demoralize;0.71
demoralizing;0.95
demoralizingly;0.91
denial;0.79
denied;0.6
denies;0.94
denigrate;0.82
denounce;0.95
dense;0.7
dent;0.65
dented;0.66
dents;0.96
denunciate;0.9
denunciation;0.74
denunciations;0.77
deny;0.72
denying;0.88
deplete;0.69
deplorable;0.73
deplorably;0.81
deplore;0.89
deploring;0.76
deploringly;0.95
deprave;0.65
depraved;0.79
depravedly;0.98
deprecate;0.92
depress;0.73
depressed;0.98
depressing;0.79
depressingly;0.71
depression;0.84
depressions;0.64
deprive;0.73
deprived;0.77
deride;0.77
derision;0.98
derisive;0.81
derisively;0.63
derisiveness;0.73
derogatory;0.76
desecrate;0.62
desert;0.67
desertion;0.65
desiccate;0.85
desiccated;0.67
desititute;0.66
desolate;1
desolately;0.94
desolation;0.99
despair;0.72
despairing;0.68
despairingly;0.63
desperate;0.75
desperately;0.76
desperation;0.91
despicable;0.75
despicably;0.94
despise;0.86
despised;0.98
despoil;0.67
despoiler;0.72
despondence;0.92
despondency;0.87
despondent;0.69
despondently;0.91
despot;0.72
despotic;0.96
despotism;0.87
destabilisation;0.83
destains;0.73
destitute;0.68
destitution;0.9
destroy;0.75
destroyer;0.7
destruction;0.73
destructive;0.64
desultory;0.87
deter;0.92
deteriorate;1
deteriorating;0.83
deterioration;0.95
deterrent;0.96
detest;0.63
detestable;0.86
detestably;0.98
detested;0.91
detesting;0.91
detests;0.79
detract;0.96
detracted;0.91
detracting;0.84
detraction;0.67
detracts;0.93
detriment;0.7
detrimental;0.85
devastate;0.72
devastated;0.83
devastates;0.7
devastating;0.89
devastatingly;0.79
devastation;0.86
deviate;0.93
deviation;0.66
devil;0.7
devilish;0.86
devilishly;0.8
devilment;0.89
devilry;0.87
devious;0.77
deviously;0.93
deviousness;0.8
devoid;0.63
diabolic;0.89
diabolical;0.62
diabolically;0.95
diametrically;0.98
diappointed;0.71
diatribe;0.99
diatribes;0.97
dick;0.82
dictator;0.8
dictatorial;0.73
die;0.79
die-hard;0.64
died;0.93
dies;0.98
difficult;0.88
difficulties;0.86
difficulty;0.69
diffidence;0.76
dilapidated;0.65
dilemma;0.88
dilly-dally;0.72
dim;0.89
dimmer;0.98
din;0.98
ding;0.75
dings;0.66
dinky;0.91
dire;0.93
direly;0.68
direness;0.78
dirt;0.79
dirtbag;0.8
dirtbags;0.86
dirts;0.83
dirty;1
disable;0.66
disabled;1
disaccord;0.95
disadvantage;0.98
disadvantaged;0.7
disadvantageous;0.98
disadvantages;0.63
disaffect;0.61
disaffected;0.76
disaffirm;0.84
disagree;0.91
disagreeable;0.73
disagreeably;0.93
disagreed;0.61
disagreeing;0.82
disagreement;0.97
disagrees;0.66
disallow;0.97
disapointed;0.82
disapointing;0.71
disapointment;0.9
disappoint;0.95
disappointed;0.9
disappointing;0.78
disappointingly;0.69
disappointment;0.62
disappointments;0.73
disappoints;0.7
disapprobation;0.91
disapproval;0.69
disapprove;0.89
disapproving;0.65
disarm;0.95
disarray;0.7
disaster;0.86
disasterous;0.78
disastrous;0.66
disastrously;0.94
disavow;0.71
disavowal;0.62
disbelief;0.67
disbelieve;0.7
disbeliever;0.72
disclaim;0.77
discombobulate;0.8
discomfit;0.96
discomfititure;0.99
discomfort;0.66
discompose;0.96
disconcert;0.63
disconcerted;0.8
disconcerting;0.85
disconcertingly;0.71
disconsolate;0.89
disconsolately;0.83
disconsolation;0.86
discontent;0.75
discontented;0.87
discontentedly;0.95
discontinued;0.65
discontinuity;0.93
discontinuous;0.82
discord;0.69
discordance;0.79
discordant;0.96
discountenance;0.75
discourage;0.73
discouragement;0.61
discouraging;0.93
discouragingly;0.96
discourteous;0.72
discourteously;0.66
discoutinous;0.81
discredit;0.79
discrepant;0.62
discriminate;0.75
discrimination;0.82
discriminatory;0.66
disdain;0.94
disdained;0.98
disdainful;0.94
disdainfully;0.76
disfavor;0.63
disgrace;0.97
disgraced;0.88
disgraceful;0.73
disgracefully;0.93
disgruntle;0.7
disgruntled;0.86
disgust;0.89
disgusted;0.93
disgustedly;0.82
disgustful;0.65
disgustfully;0.87
disgusting;0.62
disgustingly;0.92
dishearten;0.76
disheartening;0.73
dishearteningly;0.82
dishonest;0.69
dishonestly;0.76
dishonesty;0.68
dishonor;0.66
dishonorable;0.84
dishonorablely;0.81
disillusion;0.7
disillusioned;0.64
disillusionment;0.95
disillusions;0.6
disinclination;0.79
disinclined;0.98
disingenuous;0.92
disingenuously;0.74
disintegrate;0.85
disintegrated;1
disintegrates;0.88
disintegration;0.95
disinterest;0.68
disinterested;0.72
dislike;0.69
disliked;0.76
dislikes;0.84
disliking;0.97
dislocated;0.66
disloyal;0.75
disloyalty;0.86
dismal;0.8
dismally;0.97
dismalness;0.94
dismay;0.78
dismayed;0.61
dismaying;0.91
dismayingly;0.61
dismissive;0.98
dismissively;0.88
disobedience;0.71
disobedient;0.7
disobey;0.94
disoobedient;0.72
disorder;0.73
disordered;0.94
disorderly;0.98
disorganized;1
disorient;0.85
disoriented;0.7
disown;1
disparage;0.66
disparaging;0.75
disparagingly;0.8
dispensable;0.73
dispirit;0.86
dispirited;0.81
dispiritedly;0.65
dispiriting;0.96
displace;0.76
displaced;0.88
displease;0.89
displeased;0.91
displeasing;0.65
displeasure;0.95
disproportionate;0.88
disprove;0.84
disputable;0.94
dispute;0.96
disputed;0.85
disquiet;0.98
disquieting;0.68
disquietingly;1
disquietude;0.74
disregard;0.97
disregardful;0.97
disreputable;0.93
disrepute;0.84
disrespect;0.71
disrespectable;0.78
disrespectablity;0.76
disrespectful;0.66
disrespectfully;0.81
disrespectfulness;1
disrespecting;0.71
disrupt;0.66
disruption;0.65
disruptive;0.99
diss;0.66
dissapointed;0.98
dissappointed;0.66
dissappointing;0.7
dissatisfaction;0.92
dissatisfactory;0.61
dissatisfied;0.64
dissatisfies;0.85
dissatisfy;0.83
dissatisfying;0.6
dissed;0.68
dissemble;0.98
dissembler;0.82
dissension;0.63
dissent;0.86
dissenter;0.84
dissention;0.71
disservice;0.76
disses;0.86
dissidence;0.66
dissident;0.88
dissidents;0.98
dissing;0.87
dissocial;0.99
dissolute;0.76
dissolution;0.9
dissonance;0.65
dissonant;0.66
dissonantly;0.97
dissuade;0.66
dissuasive;0.89
distains;0.83
distaste;0.86
distasteful;0.97
distastefully;0.99
distort;0.88
distorted;0.98
distortion;0.6
distorts;0.78
distract;0.75
distracting;0.66
distraction;0.91
distraught;0.98
distraughtly;0.93
distraughtness;0.76
distress;0.77
distressed;0.99
distressing;0.89
distressingly;0.98
distrust;0.96
distrustful;0.84
distrusting;0.67
disturb;0.77
disturbance;0.63
disturbed;0.62
disturbing;0.78
disturbingly;0.99
disunity;0.8
disvalue;0.99
divergent;0.74
divisive;0.99
divisively;0.91
divisiveness;0.7
dizzing;0.93
dizzingly;0.69
dizzy;0.63
doddering;0.94
dodgey;0.98
dogged;0.79
doggedly;0.92
dogmatic;0.87
doldrums;0.94
domineer;0.76
domineering;0.86
donside;0.96
doom;0.95
doomed;0.92
doomsday;0.96
dope;0.91
doubt;0.84
doubtful;0.97
doubtfully;0.75
doubts;0.78
douchbag;0.94
douchebag;0.64
douchebags;0.71
downbeat;0.61
downcast;0.79
downer;1
downfall;0.79
downfallen;0.79
downgrade;0.63
downhearted;0.87
downheartedly;0.73
downhill;0.85
downside;0.69
downsides;0.74
downturn;0.82
downturns;0.74
drab;0.89
draconian;0.76
draconic;0.76
drag;0.66
dragged;0.91
dragging;0.75
dragoon;0.74
drags;0.79
drain;0.75
drained;0.92
draining;0.79
drains;0.82
drastic;0.97
drastically;0.91
drawback;0.78
drawbacks;0.68
dread;0.84
dreadful;0.81
dreadfully;0.86
dreadfulness;0.64
dreary;0.7
dripped;0.67
dripping;0.96
drippy;0.69
drips;0.91
drones;0.87
droop;0.79
droops;0.86
drop-out;0.87
drop-outs;0.71
dropout;0.78
dropouts;0.98
drought;0.8
drowning;0.79
drunk;0.71
drunkard;0.66
drunken;0.83
dubious;0.63
dubiously;0.74
dubitable;0.81
dud;0.76
dull;0.93
dullard;0.82
dumb;0.81
dumbfound;0.83
dump;0.83
dumped;0.85
dumping;0.97
dumps;0.65
dunce;0.74
dungeon;0.62
dungeons;0.78
dupe;0.87
dust;0.81
dusty;0.93
dwindling;0.85
dying;0.66
earsplitting;0.82
eccentric;0.67
eccentricity;0.73
effigy;0.65
effrontery;0.64
egocentric;0.83
egomania;0.79
egotism;0.91
egotistical;0.88
egotistically;0.7
egregious;0.73
egregiously;0.67
election-rigger;0.63
elimination;0.79
emaciated;0.94
emasculate;0.91
embarrass;0.94
embarrassing;0.83
embarrassingly;0.67
embarrassment;0.9
embattled;0.95
embroil;0.77
embroiled;0.9
embroilment;0.68
emergency;0.9
emphatic;0.84
emphatically;0.74
emptiness;0.71
encroach;0.76
encroachment;0.98
endanger;0.63
enemies;0.83
enemy;0.92
enervate;0.99
enfeeble;0.92
enflame;0.8
engulf;0.64
enjoin;0.89
enmity;0.67
enrage;0.81
enraged;0.97
enraging;0.71
enslave;0.94
entangle;0.79
entanglement;0.97
entrap;0.64
entrapment;0.73
envious;0.84
enviously;0.7
enviousness;0.71
epidemic;0.79
equivocal;0.82
erase;0.74
erode;0.82
erodes;0.84
erosion;0.85
err;0.86
errant;0.78
erratic;0.83
erratically;0.69
erroneous;0.62
erroneously;0.84
error;0.83
errors;0.98
eruptions;0.85
escapade;0.78
eschew;0.86
estranged;0.98
evade;0.94
evasion;0.87
evasive;0.62
evil;0.66
evildoer;0.9
evils;0.86
eviscerate;0.97
exacerbate;0.68
exagerate;0.91
exagerated;0.74
exagerates;0.89
exaggerate;0.68
exaggeration;0.7
exasperate;0.66
exasperated;0.74
exasperating;0.82
exasperatingly;0.64
exasperation;0.62
excessive;0.84
excessively;0.76
exclusion;0.64
excoriate;0.65
excruciating;0.91
excruciatingly;0.84
excuse;0.81
excuses;0.85
execrate;0.86
exhaust;0.69
exhausted;0.83
exhaustion;0.97
exhausts;0.86
exhorbitant;0.64
exhort;0.76
exile;0.8
exorbitant;0.7
exorbitantance;0.62
exorbitantly;0.68
expel;0.97
expensive;0.85
expire;0.77
expired;0.89
explode;0.79
exploit;0.96
exploitation;0.99
explosive;0.96
expropriate;0.88
expropriation;0.93
expulse;0.96
expunge;0.99
exterminate;0.89
extermination;0.67
extinguish;0.81
extort;0.84
extortion;0.94
extraneous;0.84
extravagance;0.81
extravagant;0.87
extravagantly;0.87
extremism;0.91
extremist;0.93
extremists;0.84
eyesore;0.71
f**k;0.92
fabricate;0.88
fabrication;0.9
facetious;0.62
facetiously;0.85
fail;0.99
failed;0.61
failing;0.86
fails;0.85
failure;0.74
failures;0.78
faint;0.73
fainthearted;0.89
faithless;0.8
fake;0.99
fall;0.94
fallacies;0.92
fallacious;0.77
fallaciously;0.92
fallaciousness;0.61
fallacy;0.78
fallen;0.78
falling;0.76
fallout;0.62
falls;0.72
false;0.86
falsehood;0.72
falsely;0.68
falsify;0.85
falter;0.7
faltered;0.84
famine;0.96
famished;0.89
fanatic;0.89
fanatical;0.88
fanatically;0.7
fanaticism;0.67
fanatics;0.62
fanciful;0.85
far-fetched;0.95
farce;0.91
farcical;0.92
farcical-yet-provocative;0.73
farcically;0.99
farfetched;0.8
fascism;0.77
fascist;0.75
fastidious;0.74
fastidiously;0.87
fastuous;0.61
fat;0.8
fat-cat;0.73
fat-cats;0.66
fatal;0.98
fatalistic;0.99
fatalistically;0.66
fatally;0.7
fatcat;0.9
fatcats;0.94
fateful;0.83
fatefully;0.89
fathomless;0.91
fatigue;0.82
fatigued;0.96
fatique;0.81
fatty;0.86
fatuity;0.83
fatuous;0.67
fatuously;0.89
fault;0.98
faults;0.71
faulty;0.96
fawningly;0.71
faze;0.78
fear;0.75
fearful;0.92
fearfully;0.99
fears;0.79
fearsome;0.63
feckless;0.7
feeble;0.9
feeblely;0.89
feebleminded;0.89
feign;0.75
feint;0.67
fell;0.65
felon;0.65
felonious;0.84
ferociously;0.7
ferocity;0.96
fetid;0.7
fever;0.87
feverish;0.95
fevers;0.99
fiasco;0.75
fib;0.77
fibber;0.97
fickle;0.99
fiction;0.94
fictional;0.86
fictitious;0.92
fidget;0.77
fidgety;0.88
fiend;0.76
fiendish;0.69
fierce;0.94
figurehead;0.75
filth;0.69
filthy;0.87
finagle;0.64
finicky;0.81
fissures;0.78
fist;0.88
flabbergast;0.64
flabbergasted;0.71
flagging;0.69
flagrant;0.61
flagrantly;0.64
flair;0.76
flairs;0.77
flak;0.78
flake;0.76
flakey;0.93
flakieness;0.64
flaking;0.77
flaky;0.63
flare;0.76
flares;0.99
flareup;0.9
flareups;0.76
flat-out;0.67
flaunt;0.76
flaw;0.62
flawed;0.81
flaws;0.76
flee;0.75
fleed;0.6
fleeing;0.94
fleer;0.85
flees;0.92
fleeting;0.96
flicering;0.88
flicker;0.75
flickering;0.64
flickers;0.97
flighty;0.61
flimflam;0.99
flimsy;0.66
flirt;0.98
flirty;0.87
floored;0.8
flounder;0.91
floundering;0.61
flout;0.65
fluster;0.83
foe;0.81
fool;0.83
fooled;0.8
foolhardy;0.67
foolish;0.95
foolishly;0.67
foolishness;1
forbid;0.73
forbidden;0.62
forbidding;0.93
forceful;0.61
foreboding;0.66
forebodingly;0.96
forfeit;0.62
forged;0.66
forgetful;0.81
forgetfully;0.75
forgetfulness;0.74
forlorn;0.7
forlornly;0.69
forsake;1
forsaken;0.92
forswear;0.95
foul;0.65
foully;0.91
foulness;0.67
fractious;0.77
fractiously;0.74
fracture;0.93
fragile;0.64
fragmented;0.91
frail;0.79
frantic;0.86
frantically;0.87
franticly;0.88
fraud;0.83
fraudulent;0.63
fraught;0.79
frazzle;0.67
frazzled;0.63
freak;0.75
freaking;0.81
freakish;0.68
freakishly;0.63
freaks;0.78
freeze;0.94
freezes;0.92
freezing;0.72
frenetic;0.68
frenetically;0.93
frenzied;0.95
frenzy;0.69
fret;0.69
fretful;0.78
frets;0.8
friction;0.98
frictions;0.92
fried;0.7
friggin;0.91
frigging;0.66
fright;0.74
frighten;0.93
frightening;0.96
frighteningly;0.98
frightful;0.74
frightfully;0.97
frigid;0.74
frost;0.73
frown;0.85
froze;0.68
frozen;0.68
fruitless;0.89
fruitlessly;0.68
frustrate;0.74
frustrated;0.67
frustrates;0.7
frustrating;0.75
frustratingly;0.76
frustration;0.99
frustrations;0.64
fuck;0.93
fucking;0.81
fudge;0.99
fugitive;0.72
full-blown;0.62
fulminate;0.94
fumble;0.69
fume;0.65
fumes;0.88
fundamentalism;0.94
funky;0.76
funnily;0.81
funny;0.64
furious;0.7
furiously;0.94
furor;0.87
fury;0.74
fuss;0.76
fussy;0.75
fustigate;0.94
fusty;0.97
futile;0.97
futilely;0.62
futility;0.62
fuzzy;0.69
gabble;0.85
gaff;0.74
gaffe;0.88
gainsay;0.86
gainsayer;0.79
gall;0.94
galling;0.96
gallingly;0.65
galls;0.9
gangster;0.9
gape;0.74
garbage;0.92
garish;0.71
gasp;1
gauche;0.9
gaudy;0.64
gawk;0.73
gawky;0.98
geezer;0.75
genocide;0.65
get-rich;0.67
ghastly;0.98
ghetto;0.65
ghosting;0.99
gibber;0.65
gibberish;0.72
gibe;0.85
giddy;0.86
gimmick;0.86
gimmicked;0.99
gimmicking;0.93
gimmicks;0.99
gimmicky;0.69
glare;0.91
glaringly;0.9
glib;0.89
glibly;0.8
glitch;0.76
glitches;0.96
gloatingly;0.83
gloom;0.77
gloomy;0.94
glower;0.69
glum;0.9
glut;0.68
gnawing;0.78
goad;0.94
goading;0.98
god-awful;0.84
goof;0.69
goofy;0.8
goon;0.86
gossip;0.73
graceless;0.97
gracelessly;0.87
graft;0.95
grainy;0.95
grapple;0.97
grate;0.89
grating;0.96
gravely;0.93
greasy;0.97
greed;0.75
greedy;0.77
grief;0.81
grievance;0.72
grievances;0.71
grieve;0.9
grieving;0.92
grievous;0.72
grievously;0.86
grim;0.8
grimace;0.6
grind;0.83
gripe;0.79
gripes;0.91
grisly;0.88
gritty;0.63
gross;0.87
grossly;0.72
grotesque;0.65
grouch;0.76
grouchy;0.99
groundless;0.77
grouse;0.95
growl;0.67
grudge;0.8
grudges;0.7
grudging;0.71
grudgingly;0.94
gruesome;0.63
gruesomely;0.71
gruff;0.68
grumble;0.81
grumpier;0.6
grumpiest;0.8
grumpily;0.8
grumpish;0.67
grumpy;0.83
guile;0.86
guilt;0.92
guiltily;0.78
guilty;0.72
gullible;0.61
gutless;0.99
gutter;0.85
hack;0.81
hacks;0.97
haggard;0.79
haggle;0.73
hairloss;0.86
halfhearted;0.72
halfheartedly;0.83
hallucinate;0.99
hallucination;0.62
hamper;0.88
hampered;0.81
handicapped;0.63
hang;0.62
hangs;0.79
haphazard;0.74
hapless;0.6
harangue;0.99
harass;0.95
harassed;0.74
harasses;0.72
harassment;0.99
harboring;0.94
harbors;0.9
hard;0.97
hard-hit;0.85
hard-line;0.85
hard-liner;0.75
hardball;0.67
harden;0.78
hardened;0.92
hardheaded;0.81
hardhearted;0.66
hardliner;0.9
hardliners;0.8
hardship;0.88
hardships;0.67
harm;0.83
harmed;0.62
harmful;0.75
harms;0.6
harpy;0.77
harridan;0.98
harried;0.62
harrow;0.99
harsh;0.78
harshly;0.67
hasseling;0.76
hassle;0.7
hassled;0.62
hassles;0.9
haste;0.81
hastily;0.63
hasty;0.77
hate;0.62
hated;0.65
hateful;0.87
hatefully;0.9
hatefulness;0.67
hater;0.68
haters;0.61
hates;0.87
hating;0.87
hatred;0.68
haughtily;0.9
haughty;0.81
haunt;0.87
haunting;0.7
havoc;0.85
hawkish;0.93
haywire;0.77
hazard;0.74
hazardous;0.88
haze;0.83
hazy;0.67
head-aches;0.78
headache;0.69
headaches;1
heartbreaker;0.85
heartbreaking;0.98
heartbreakingly;0.83
heartless;0.83
heathen;0.99
heavy-handed;0.66
heavyhearted;0.72
heck;0.99
heckle;0.67
heckled;0.62
heckles;0.79
hectic;0.84
hedge;0.92
hedonistic;0.62
heedless;0.95
hefty;0.93
hegemonism;0.8
hegemonistic;0.75
hegemony;0.95
heinous;0.83
hell;0.95
hell-bent;0.99
hellion;0.78
hells;0.69
helpless;0.63
helplessly;0.95
helplessness;0.7
heresy;0.95
heretic;0.94
heretical;0.63
hesitant;1
hestitant;0.89
hideous;0.7
hideously;1
hideousness;0.73
high-priced;1
hiliarious;0.75
hinder;0.63
hindrance;0.87
hiss;0.95
hissed;1
hissing;0.73
ho-hum;0.76
hoard;0.75
hoax;0.88
hobble;0.77
hogs;0.98
hollow;0.7
hoodium;0.78
hoodwink;0.85
hooligan;0.75
hopeless;0.61
hopelessly;0.64
hopelessness;0.76
horde;0.92
horrendous;0.71
horrendously;0.74
horrible;0.93
horrid;0.79
horrific;0.82
horrified;0.77
horrifies;0.75
horrify;0.73
horrifying;0.67
horrifys;0.96
hostage;0.8
hostile;0.69
hostilities;0.9
hostility;0.81
hotbeds;0.8
hothead;0.86
hotheaded;0.81
hothouse;0.91
hubris;0.75
huckster;0.76
hum;0.9
humid;0.9
humiliate;0.84
humiliating;0.86
humiliation;0.71
humming;0.97
hung;0.78
hurt;0.94
hurted;0.62
hurtful;0.81
hurting;0.78
hurts;0.9
hustler;0.79
hype;0.99
hypocricy;0.89
hypocrisy;0.62
hypocrite;0.85
hypocrites;0.99
hypocritical;0.71
hypocritically;0.63
hysteria;0.86
hysteric;0.85
hysterical;0.64
hysterically;0.9
hysterics;0.82
idiocies;0.91
idiocy;0.97
idiot;0.61
idiotic;0.73
idiotically;0.79
idiots;0.84
idle;0.69
ignoble;0.71
ignominious;0.85
ignominiously;0.7
ignominy;0.89
ignorance;0.73
ignorant;0.81
ignore;0.83
ill-advised;0.67
ill-conceived;0.84
ill-defined;0.94
ill-designed;0.98
ill-fated;0.88
ill-favored;0.92
ill-formed;0.69
ill-mannered;0.92
ill-natured;0.76
ill-sorted;0.9
ill-tempered;0.74
ill-treated;0.99
ill-treatment;0.87
ill-usage;0.96
ill-used;0.84
illegal;0.61
illegally;0.72
illegitimate;0.84
illicit;0.83
illiterate;0.97
illness;0.7
illogic;0.92
illogical;0.7
illogically;0.72
illusion;0.78
illusions;0.8
illusory;0.72
imaginary;0.8
imbalance;0.9
imbecile;0.95
imbroglio;0.9
immaterial;0.84
immature;0.97
imminence;0.95
imminently;0.71
immobilized;0.79
immoderate;0.67
immoderately;0.61
immodest;0.96
immoral;0.68
immorality;0.8
immorally;0.91
immovable;0.96
impair;0.89
impaired;0.78
impasse;0.66
impatience;0.75
impatient;0.94
impatiently;0.79
impeach;0.74
impedance;0.91
impede;0.99
impediment;0.94
impending;0.67
impenitent;0.66
imperfect;0.81
imperfection;0.98
imperfections;0.84
imperfectly;0.82
imperialist;0.62
imperil;0.64
imperious;0.76
imperiously;0.74
impermissible;0.63
impersonal;0.83
impertinent;0.65
impetuous;0.84
impetuously;0.7
impiety;0.7
impinge;0.9
impious;0.96
implacable;0.82
implausible;0.83
implausibly;1
implicate;0.96
implication;0.87
implode;0.76
impolite;0.82
impolitely;0.71
impolitic;0.86
importunate;0.69
importune;0.89
impose;0.83
imposers;0.97
imposing;0.63
imposition;0.79
impossible;0.8
impossiblity;0.74
impossibly;0.84
impotent;0.96
impoverish;0.91
impoverished;0.79
impractical;0.8
imprecate;0.85
imprecise;0.83
imprecisely;0.69
imprecision;0.92
imprison;0.93
imprisonment;0.7
improbability;0.62
improbable;0.69
improbably;1
improper;0.8
improperly;0.99
impropriety;0.74
imprudence;0.73
imprudent;0.72
impudence;0.61
impudent;0.76
impudently;0.77
impugn;0.66
impulsive;0.89
impulsively;0.96
impunity;0.97
impure;0.98
impurity;0.67
inability;0.94
inaccuracies;0.8
inaccuracy;0.91
inaccurate;0.64
inaccurately;0.95
inaction;0.76
inactive;0.76
inadequacy;0.94
inadequate;0.97
inadequately;0.71
inadverent;0.88
inadverently;0.62
inadvisable;0.93
inadvisably;0.76
inane;1
inanely;0.68
inappropriate;0.62
inappropriately;0.68
inapt;0.74
inaptitude;0.95
inarticulate;0.84
inattentive;0.77
inaudible;0.98
incapable;1
incapably;0.97
incautious;0.65
incendiary;0.91
incense;0.78
incessant;0.94
incessantly;0.86
incite;0.63
incitement;0.69
incivility;0.66
inclement;0.94
incognizant;0.71
incoherence;0.89
incoherent;0.94
incoherently;0.78
incommensurate;0.68
incomparable;0.64
incomparably;0.7
incompatability;0.95
incompatibility;0.85
incompatible;0.69
incompetence;0.72
incompetent;0.92
incompetently;0.62
incomplete;0.64
incompliant;0.77
incomprehensible;0.66
incomprehension;0.95
inconceivable;0.68
inconceivably;0.77
incongruous;0.91
incongruously;0.99
inconsequent;0.91
inconsequential;0.87
inconsequentially;0.92
inconsequently;0.67
inconsiderate;0.98
inconsiderately;0.96
inconsistence;0.64
inconsistencies;0.83
inconsistency;0.94
inconsistent;0.76
inconsolable;0.66
inconsolably;0.93
inconstant;0.83
inconvenience;0.89
inconveniently;0.9
incorrect;0.6
incorrectly;0.89
incorrigible;0.84
incorrigibly;0.77
incredulous;0.82
incredulously;0.76
inculcate;0.88
indecency;0.89
indecent;0.82
indecently;0.72
indecision;0.78
indecisive;0.81
indecisively;0.79
indecorum;0.66
indefensible;0.76
indelicate;0.87
indeterminable;0.62
indeterminably;0.89
indeterminate;0.64
indifference;0.89
indifferent;0.63
indigent;0.61
indignant;0.65
indignantly;0.86
indignation;0.63
indignity;0.87
indiscernible;0.78
indiscreet;0.68
indiscreetly;0.74
indiscretion;0.92
indiscriminate;0.89
indiscriminately;0.87
indiscriminating;0.75
indistinguishable;0.79
indoctrinate;0.68
indoctrination;0.64
indolent;0.93
indulge;0.81
ineffective;0.77
ineffectively;0.89
ineffectiveness;0.67
ineffectual;0.94
ineffectually;0.75
ineffectualness;0.78
inefficacious;0.97
inefficacy;0.68
inefficiency;0.93
inefficient;0.87
inefficiently;0.62
inelegance;0.79
inelegant;0.95
ineligible;0.89
ineloquent;0.79
ineloquently;0.71
inept;0.78
ineptitude;0.98
ineptly;0.82
inequalities;0.7
inequality;0.77
inequitable;0.75
inequitably;0.9
inequities;0.86
inescapable;0.86
inescapably;0.74
inessential;0.62
inevitable;0.84
inevitably;0.7
inexcusable;0.68
inexcusably;0.77
inexorable;0.72
inexorably;0.74
inexperience;0.63
inexperienced;0.61
inexpert;0.99
inexpertly;0.71
inexpiable;0.73
inexplainable;0.83
inextricable;0.63
inextricably;0.67
infamous;0.63
infamously;0.77
infamy;0.81
infected;0.62
infection;0.96
infections;0.65
inferior;0.83
inferiority;0.92
infernal;0.86
infest;0.8
infested;0.93
infidel;0.97
infidels;0.86
infiltrator;0.88
infiltrators;0.76
infirm;0.97
inflame;0.89
inflammation;0.83
inflammatory;0.9
inflammed;0.69
inflated;0.86
inflationary;0.96
inflexible;0.82
inflict;0.95
infraction;0.97
infringe;0.8
infringement;0.91
infringements;0.76
infuriate;0.97
infuriated;0.73
infuriating;0.63
infuriatingly;0.71
inglorious;0.94
ingrate;0.89
ingratitude;0.91
inhibit;0.93
inhibition;0.82
inhospitable;0.64
inhospitality;0.63
inhuman;0.7
inhumane;0.91
inhumanity;0.66
inimical;0.66
inimically;0.65
iniquitous;0.74
iniquity;0.96
injudicious;0.78
injure;0.61
injurious;0.99
injury;0.91
injustice;0.96
injustices;0.91
innuendo;0.63
inoperable;0.83
inopportune;0.85
inordinate;0.67
inordinately;0.78
insane;0.71
insanely;0.86
insanity;0.82
insatiable;0.81
insecure;0.95
insecurity;0.82
insensible;0.67
insensitive;0.63
insensitively;0.69
insensitivity;0.96
insidious;0.68
insidiously;0.6
insignificance;0.94
insignificant;0.92
insignificantly;0.96
insincere;0.93
insincerely;0.89
insincerity;0.96
insinuate;0.77
insinuating;0.62
insinuation;0.64
insociable;0.97
insolence;0.8
insolent;0.84
insolently;0.72
insolvent;0.81
insouciance;0.98
instability;0.95
instable;0.69
instigate;0.75
instigator;0.83
instigators;0.99
insubordinate;0.84
insubstantial;0.98
insubstantially;0.74
insufferable;0.85
insufferably;0.68
insufficiency;0.6
insufficient;0.68
insufficiently;0.88
insular;0.79
insult;0.91
insulted;0.63
insulting;0.66
insultingly;0.65
insults;0.9
insupportable;0.94
insupportably;0.77
insurmountable;0.7
insurmountably;0.95
insurrection;0.73
intefere;0.86
inteferes;0.78
intense;0.87
interfere;0.86
interference;0.87
interferes;0.8
intermittent;0.87
interrupt;0.9
interruption;0.81
interruptions;0.64
intimidate;1
intimidating;0.89
intimidatingly;0.73
intimidation;0.67
intolerable;0.84
intolerablely;0.82
intolerance;0.77
intoxicate;0.78
intractable;0.9
intransigence;0.74
intransigent;0.64
intrude;0.79
intrusion;0.83
intrusive;0.91
inundate;0.61
inundated;0.65
invader;0.73
invalid;0.82
invalidate;0.67
invalidity;0.76
invasive;0.7
invective;0.89
inveigle;0.62
invidious;0.75
invidiously;0.72
invidiousness;0.92
invisible;0.94
involuntarily;0.96
involuntary;0.67
irascible;0.91
irate;0.68
irately;0.63
ire;0.84
irk;0.83
irked;0.94
irking;0.98
irks;0.8
irksome;0.7
irksomely;0.81
irksomeness;0.96
irksomenesses;0.74
ironic;0.68
ironical;0.92
ironically;0.89
ironies;0.85
irony;0.64
irragularity;0.86
irrational;0.85
irrationalities;0.72
irrationality;0.77
irrationally;0.67
irrationals;0.99
irreconcilable;0.68
irrecoverable;0.95
irrecoverableness;0.94
irrecoverablenesses;0.84
irrecoverably;0.61
irredeemable;0.92
irredeemably;0.98
irreformable;0.7
irregular;0.86
irregularity;0.79
irrelevance;0.95
irrelevant;0.61
irreparable;0.91
irreplacible;0.94
irrepressible;0.63
irresolute;0.67
irresolvable;0.68
irresponsible;0.88
irresponsibly;0.73
irretating;0.9
irretrievable;0.85
irreversible;0.96
irritable;0.63
irritably;0.64
irritant;0.8
irritate;0.75
irritated;0.63
irritating;0.64
irritation;0.71
irritations;0.61
isolate;0.78
isolated;0.95
isolation;0.92
issue;0.79
issues;0.85
itch;0.65
itching;0.82
itchy;0.82
jabber;0.85
jaded;0.98
jagged;0.88
jam;1
jarring;0.64
jaundiced;0.79
jealous;0.68
jealously;0.93
jealousness;0.67
jealousy;0.87
jeer;0.64
jeering;0.99
jeeringly;0.86
jeers;0.96
jeopardize;0.96
jeopardy;0.93
jerk;0.72
jerky;0.9
jitter;0.6
jitters;0.82
jittery;0.8
job-killing;0.92
jobless;0.72
joke;0.85
joker;0.77
jolt;0.62
judder;0.9
juddering;0.92
judders;0.63
jumpy;0.99
junk;0.73
junky;0.76
junkyard;0.75
jutter;0.69
jutters;0.99
kaput;0.96
kill;0.82
killed;0.97
killer;0.88
killing;0.9
killjoy;0.75
kills;0.89
knave;0.69
knife;0.76
knock;0.75
knotted;1
kook;0.94
kooky;0.97
lack;0.67
lackadaisical;0.93
lacked;0.65
lackey;0.88
lackeys;0.78
lacking;0.84
lackluster;0.77
lacks;0.74
laconic;0.8
lag;0.96
lagged;0.9
lagging;0.69
laggy;0.67
lags;0.9
laid-off;0.67
lambast;0.94
lambaste;0.94
lame;0.69
lame-duck;0.82
lament;0.92
lamentable;0.72
lamentably;0.81
languid;0.66
languish;0.67
languor;0.89
languorous;0.93
languorously;0.65
lanky;0.96
lapse;0.71
lapsed;0.92
lapses;0.63
lascivious;0.91
last-ditch;0.97
latency;0.91
laughable;0.98
laughably;0.89
laughingstock;0.97
lawbreaker;0.75
lawbreaking;0.62
lawless;0.99
lawlessness;0.87
layoff;0.98
layoff-happy;0.78
lazy;1
leak;0.69
leakage;0.74
leakages;0.71
leaking;0.88
leaks;0.94
leaky;0.69
lech;0.7
lecher;0.72
lecherous;0.99
lechery;0.77
leech;0.82
leer;0.81
leery;0.68
left-leaning;0.87
lemon;0.76
lengthy;0.76
less-developed;0.88
lesser-known;0.87
letch;0.87
lethal;0.81
lethargic;0.82
lethargy;0.69
lewd;0.87
lewdly;0.83
lewdness;0.92
liability;0.91
liable;0.93
liar;0.73
liars;0.7
licentious;0.96
licentiously;0.77
licentiousness;0.76
lie;0.72
lied;0.71
lier;0.65
lies;0.74
life-threatening;0.62
lifeless;0.67
limit;0.86
limitation;0.68
limitations;0.67
limited;0.66
limits;0.79
limp;0.67
listless;0.6
litigious;0.7
little-known;0.68
livid;0.67
lividly;0.93
loath;0.92
loathe;0.87
loathing;0.98
loathly;0.64
loathsome;0.76
loathsomely;0.79
lone;0.99
loneliness;0.72
lonely;0.99
loner;0.81
lonesome;0.63
long-time;0.7
long-winded;0.96
longing;0.76
longingly;0.75
loophole;0.81
loopholes;0.7
loose;0.67
loot;0.64
lorn;0.63
lose;0.92
loser;0.86
losers;0.84
loses;0.87
losing;0.91
loss;0.74
losses;0.81
lost;0.63
loud;0.91
louder;0.93
lousy;0.75
loveless;0.63
lovelorn;0.68
low-rated;0.84
lowly;0.99
ludicrous;0.92
ludicrously;0.97
lugubrious;0.78
lukewarm;0.73
lull;0.72
lumpy;0.65
lunatic;0.86
lunaticism;0.88
lurch;0.61
lure;0.94
lurid;0.98
lurk;0.66
lurking;0.82
lying;0.94
macabre;0.87
mad;0.77
madden;0.78
maddening;0.6
maddeningly;0.67
madder;0.7
madly;0.8
madman;0.86
madness;0.98
maladjusted;0.97
maladjustment;0.74
malady;0.8
malaise;0.84
malcontent;0.68
malcontented;0.99
maledict;0.95
malevolence;0.77
malevolent;0.66
malevolently;0.91
malice;0.93
malicious;0.73
maliciously;0.71
maliciousness;0.65
malign;0.64
malignant;0.66
malodorous;0.83
maltreatment;0.75
mangle;0.78
mangled;0.63
mangles;0.98
mangling;0.72
mania;0.98
maniac;0.65
maniacal;0.65
manic;0.6
manipulate;0.91
manipulation;0.97
manipulative;0.96
manipulators;0.85
mar;0.84
marginal;0.98
marginally;0.83
martyrdom;0.95
martyrdom-seeking;0.69
mashed;0.67
massacre;0.76
massacres;0.75
matte;0.94
mawkish;1
mawkishly;0.97
mawkishness;1
meager;0.99
meaningless;0.92
meanness;0.83
measly;0.64
meddle;0.94
meddlesome;0.75
mediocre;0.89
mediocrity;0.83
melancholy;0.82
melodramatic;0.84
melodramatically;0.98
meltdown;0.62
menace;0.62
menacing;0.61
menacingly;0.62
mendacious;0.74
mendacity;0.83
menial;1
merciless;0.62
mercilessly;0.61
mess;0.91
messed;0.78
messes;0.6
messing;0.64
messy;0.65
midget;0.69
miff;0.9
militancy;0.98
mindless;0.96
mindlessly;0.81
mirage;0.92
mire;0.96
misalign;0.61
misaligned;0.94
misaligns;0.68
misapprehend;0.85
misbecome;0.98
misbecoming;0.86
misbegotten;0.62
misbehave;0.99
misbehavior;0.87
miscalculate;0.61
miscalculation;0.61
miscellaneous;0.91
mischief;0.63
mischievous;0.69
mischievously;1
misconception;0.84
misconceptions;0.83
miscreant;0.73
miscreants;0.67
misdirection;0.81
miser;0.93
miserable;0.8
miserableness;0.78
miserably;0.71
miseries;0.63
miserly;0.83
misery;0.73
misfit;0.94
misfortune;0.69
misgiving;0.87
misgivings;0.66
misguidance;0.85
misguide;0.71
misguided;0.78
mishandle;0.61
mishap;0.6
misinform;0.94
misinformed;0.73
misinterpret;0.92
misjudge;0.79
misjudgment;0.8
mislead;0.66
misleading;0.99
misleadingly;0.94
mislike;0.73
mismanage;0.67
mispronounce;0.67
mispronounced;0.95
mispronounces;0.96
misread;0.83
misreading;0.63
misrepresent;0.64
misrepresentation;0.66
miss;0.62
missed;0.99
misses;0.92
misstatement;0.62
mist;0.87
mistake;0.78
mistaken;0.91
mistakenly;0.72
mistakes;0.72
mistified;0.7
mistress;0.87
mistrust;0.67
mistrustful;0.94
mistrustfully;0.71
mists;0.85
misunderstand;0.93
misunderstanding;0.97
misunderstandings;0.77
misunderstood;0.83
misuse;0.74
moan;0.93
mobster;0.79
mock;0.91
mocked;0.87
mockeries;0.98
mockery;0.93
mocking;0.85
mockingly;0.66
mocks;0.68
molest;0.82
molestation;0.98
monotonous;0.67
monotony;0.88
monster;0.68
monstrosities;0.71
monstrosity;0.61
monstrous;0.81
monstrously;0.98
moody;0.74
moot;0.87
mope;0.61
morbid;0.78
morbidly;0.98
mordant;0.73
mordantly;0.79
moribund;0.87
moron;0.76
moronic;0.97
morons;0.63
mortification;0.69
mortified;0.94
mortify;0.66
mortifying;0.67
motionless;0.89
motley;0.63
mourn;0.6
mourner;0.85
mournful;0.9
mournfully;0.92
muddle;0.81
muddy;0.79
mudslinger;0.86
mudslinging;0.85
mulish;0.75
multi-polarization;0.77
mundane;0.82
murder;0.87
murderer;0.65
murderous;0.81
murderously;0.61
murky;0.67
muscle-flexing;0.68
mushy;0.68
musty;0.72
mysterious;0.84
mysteriously;0.64
mystery;0.94
mystify;0.85
myth;0.86
nag;0.74
nagging;0.8
naive;0.66
naively;0.77
narrower;0.79
nastily;0.96
nastiness;0.68
nasty;0.62
naughty;0.83
nauseate;0.63
nauseates;0.83
nauseating;0.85
nauseatingly;1
na�ve;0.88
nebulous;0.68
nebulously;0.88
needless;0.96
needlessly;0.81
needy;0.98
nefarious;0.8
nefariously;0.83
negate;0.74
negation;0.75
negative;0.86
negatives;0.98
negativity;0.88
neglect;0.96
neglected;0.87
negligence;0.67
negligent;0.88
nemesis;0.72
nepotism;0.82
nervous;0.67
nervously;0.9
nervousness;0.81
nettle;0.97
nettlesome;0.87
neurotic;0.9
neurotically;0.73
niggle;0.99
niggles;0.99
nightmare;0.85
nightmarish;0.69
nightmarishly;0.98
nitpick;0.74
nitpicking;0.96
noise;0.88
noises;0.85
noisier;0.64
noisy;0.73
non-confidence;1
nonexistent;0.98
nonresponsive;0.73
nonsense;0.94
nosey;1
notoriety;0.97
notorious;0.94
notoriously;0.93
noxious;0.87
nuisance;0.74
numb;0.85
obese;0.64
object;0.92
objection;0.66
objectionable;0.83
objections;0.97
oblique;0.61
obliterate;0.62
obliterated;0.89
oblivious;0.74
obnoxious;0.79
obnoxiously;0.91
obscene;0.77
obscenely;0.99
obscenity;0.69
obscure;0.76
obscured;0.77
obscures;0.89
obscurity;0.74
obsess;0.85
obsessive;0.83
obsessively;0.76
obsessiveness;0.82
obsolete;0.78
obstacle;0.62
obstinate;0.84
obstinately;0.6
obstruct;0.63
obstructed;0.88
obstructing;0.93
obstruction;0.85
obstructs;0.73
obtrusive;0.77
obtuse;0.91
occlude;0.63
occluded;0.76
occludes;0.9
occluding;0.77
odd;0.77
odder;0.62
oddest;0.62
oddities;0.67
oddity;0.97
oddly;0.64
odor;0.6
offence;0.75
offend;0.87
offender;0.79
offending;0.69
offenses;0.94
offensive;0.96
offensively;0.84
offensiveness;0.66
officious;0.82
ominous;0.85
ominously;0.9
omission;0.83
omit;0.93
one-sided;0.92
onerous;0.94
onerously;0.6
onslaught;0.86
opinionated;0.92
opponent;0.9
opportunistic;1
oppose;0.82
opposition;0.67
oppositions;0.95
oppress;0.7
oppression;0.88
oppressive;0.72
oppressively;0.98
oppressiveness;0.94
oppressors;0.73
ordeal;0.69
orphan;0.94
ostracize;0.95
outbreak;0.61
outburst;0.78
outbursts;0.67
outcast;0.75
outcry;0.99
outlaw;0.68
outmoded;0.66
outrage;0.64
outraged;0.7
outrageous;0.93
outrageously;0.64
outrageousness;0.88
outrages;0.86
outsider;0.69
over-acted;0.73
over-awe;0.61
over-balanced;0.9
over-hyped;0.86
over-priced;0.6
over-valuation;0.74
overact;0.83
overacted;0.76
overawe;0.91
overbalance;0.87
overbalanced;0.7
overbearing;0.92
overbearingly;0.64
overblown;0.63
overdo;0.77
overdone;0.95
overdue;0.97
overemphasize;0.8
overheat;0.81
overkill;0.8
overloaded;0.98
overlook;0.81
overpaid;0.92
overpayed;0.65
overplay;0.6
overpower;0.63
overpriced;0.77
overrated;0.78
overreach;0.81
overrun;0.86
overshadow;0.8
oversight;0.9
oversights;0.85
oversimplification;0.73
oversimplified;0.94
oversimplify;0.8
oversize;0.72
overstate;0.73
overstated;0.61
overstatement;0.69
overstatements;0.92
overstates;0.69
overtaxed;0.89
overthrow;0.97
overthrows;0.66
overturn;0.92
overweight;0.86
overwhelm;0.63
overwhelmed;0.81
overwhelming;0.85
overwhelmingly;0.73
overwhelms;0.82
overzealous;0.79
overzealously;0.76
overzelous;0.62
pain;0.79
painful;0.6
painfull;0.72
painfully;0.77
pains;0.86
pale;0.86
pales;0.99
paltry;0.67
pan;0.84
pandemonium;0.92
pander;0.62
pandering;0.62
panders;0.83
panic;0.83
panick;0.98
panicked;0.71
panicking;0.84
panicky;0.99
paradoxical;0.84
paradoxically;0.67
paralize;0.87
paralyzed;0.91
paranoia;0.7
paranoid;0.92
parasite;0.71
pariah;0.68
parody;0.98
partiality;0.71
partisan;0.88
partisans;0.96
passe;0.72
passive;0.96
passiveness;0.62
pathetic;0.67
pathetically;0.85
patronize;0.94
paucity;0.8
pauper;0.87
paupers;0.93
payback;0.97
peculiar;0.8
peculiarly;0.89
pedantic;0.73
peeled;0.65
peeve;1
peeved;0.68
peevish;0.72
peevishly;0.72
penalize;0.83
penalty;0.85
perfidious;0.99
perfidity;0.96
perfunctory;0.96
peril;0.61
perilous;0.66
perilously;0.9
perish;0.74
pernicious;0.6
perplex;0.85
perplexed;0.88
perplexing;0.86
perplexity;0.72
persecute;0.63
persecution;0.97
pertinacious;0.67
pertinaciously;0.87
pertinacity;0.87
perturb;0.98
perturbed;0.82
pervasive;0.87
perverse;0.78
perversely;0.84
perversion;0.82
perversity;0.63
pervert;0.84
perverted;0.83
perverts;0.89
pessimism;0.71
pessimistic;0.98
pessimistically;0.74
pest;0.91
pestilent;0.87
petrified;0.76
petrify;0.86
pettifog;0.6
petty;0.74
phobia;0.97
phobic;0.76
phony;0.92
picket;0.77
picketed;0.97
picketing;1
pickets;0.65
picky;0.7
pig;0.71
pigs;0.86
pillage;0.72
pillory;0.66
pimple;0.65
pinch;0.62
pique;0.77
pitiable;0.82
pitiful;0.69
pitifully;1
pitiless;0.86
pitilessly;0.76
pittance;0.96
pity;0.94
plagiarize;0.61
plague;0.87
plasticky;0.86
plaything;0.68
plea;0.8
pleas;0.87
plebeian;0.68
plight;0.92
plot;0.89
plotters;0.97
ploy;0.69
plunder;0.78
plunderer;0.74
pointless;0.88
pointlessly;0.76
poison;0.92
poisonous;0.99
poisonously;0.74
pokey;0.69
poky;0.95
polarisation;0.91
polemize;0.77
pollute;0.93
polluter;0.75
polluters;0.77
polution;0.73
pompous;0.66
poor;0.63
poorer;0.79
poorest;0.74
poorly;0.63
posturing;0.83
pout;0.95
poverty;0.79
powerless;0.62
prate;0.64
pratfall;0.72
prattle;0.71
precarious;0.6
precariously;0.96
precipitate;0.68
precipitous;0.63
predatory;0.7
predicament;0.99
prejudge;0.77
prejudice;0.82
prejudices;0.8
prejudicial;0.64
premeditated;0.62
preoccupy;0.71
preposterous;0.77
preposterously;1
presumptuous;0.92
presumptuously;0.78
pretence;0.95
pretend;0.95
pretense;0.84
pretentious;0.89
pretentiously;0.62
prevaricate;0.91
pricey;0.8
pricier;0.63
prick;0.74
prickle;0.92
prickles;0.8
prideful;0.71
prik;0.8
primitive;0.74
prison;0.79
prisoner;0.91
problem;0.72
problematic;0.91
problems;0.93
procrastinate;0.82
procrastinates;0.68
procrastination;0.91
profane;0.78
profanity;0.66
prohibit;0.62
prohibitive;0.91
prohibitively;0.98
propaganda;0.64
propagandize;0.73
proprietary;0.73
prosecute;0.65
protest;0.67
protested;0.68
protesting;0.84
protests;0.66
protracted;0.93
provocation;0.62
provocative;0.88
provoke;0.73
pry;0.9
pugnacious;0.7
pugnaciously;0.89
pugnacity;0.77
punch;0.92
punish;0.75
punishable;0.85
punitive;0.9
punk;0.95
puny;0.73
puppet;0.77
puppets;0.76
puzzled;0.63
puzzlement;0.61
puzzling;0.7
quack;0.71
qualm;0.67
qualms;0.81
quandary;0.68
quarrel;0.66
quarrellous;0.72
quarrellously;0.86
quarrels;0.89
quarrelsome;0.71
quash;0.96
queer;0.67
questionable;0.98
quibble;0.85
quibbles;0.9
quitter;0.78
rabid;0.66
racism;0.77
racist;0.89
racists;0.8
racy;0.65
radical;0.89
radicalization;0.61
radically;0.6
radicals;0.66
rage;0.68
ragged;0.93
raging;0.74
rail;0.73
raked;0.79
rampage;0.75
rampant;0.68
ramshackle;0.62
rancor;0.78
randomly;0.76
rankle;0.98
rant;0.8
ranted;0.91
ranting;0.85
rantingly;0.97
rants;0.63
rape;0.8
raped;0.61
raping;0.65
rascal;0.91
rascals;0.67
rash;0.93
rattle;0.62
rattled;0.71
rattles;0.9
ravage;1
raving;0.84
reactionary;0.77
rebellious;0.75
rebuff;0.92
rebuke;0.64
recalcitrant;0.64
recant;0.72
recession;0.72
recessionary;0.85
reckless;0.71
recklessly;0.75
recklessness;0.76
recoil;0.61
recourses;0.97
redundancy;0.88
redundant;0.72
refusal;0.8
refuse;0.79
refused;0.66
refuses;0.71
refusing;0.62
refutation;0.82
refute;0.85
refuted;0.93
refutes;0.86
refuting;0.64
regress;0.82
regression;0.79
regressive;0.78
regret;0.72
regreted;0.64
regretful;0.65
regretfully;0.7
regrets;0.83
regrettable;0.8
regrettably;0.77
regretted;0.8
reject;0.65
rejected;0.78
rejecting;0.91
rejection;0.78
rejects;0.96
relapse;0.71
relentless;0.73
relentlessly;0.6
relentlessness;0.82
reluctance;0.89
reluctant;0.93
reluctantly;0.62
remorse;0.68
remorseful;0.62
remorsefully;0.64
remorseless;0.72
remorselessly;0.74
remorselessness;0.64
renounce;0.63
renunciation;0.85
repel;0.99
repetitive;0.93
reprehensible;0.8
reprehensibly;0.99
reprehension;0.63
reprehensive;0.86
repress;0.66
repression;0.95
repressive;0.69
reprimand;0.63
reproach;0.62
reproachful;0.81
reprove;0.69
reprovingly;0.92
repudiate;0.86
repudiation;0.74
repugn;0.69
repugnance;0.67
repugnant;1
repugnantly;0.76
repulse;0.67
repulsed;0.7
repulsing;0.61
repulsive;0.99
repulsively;0.72
repulsiveness;0.67
resent;0.81
resentful;0.67
resentment;0.62
resignation;0.96
resigned;0.88
resistance;0.75
restless;0.84
restlessness;0.84
restrict;0.66
restricted;0.69
restriction;0.79
restrictive;0.75
resurgent;0.9
retaliate;0.7
retaliatory;0.77
retard;0.96
retarded;0.83
retardedness;0.64
retards;0.93
reticent;0.9
retract;0.72
retreat;0.96
retreated;0.96
revenge;0.75
revengeful;0.64
revengefully;0.69
revert;0.96
revile;0.7
reviled;0.87
revoke;0.85
revolt;0.67
revolting;0.69
revoltingly;0.75
revulsion;0.93
revulsive;0.91
rhapsodize;0.69
rhetoric;0.86
rhetorical;0.8
ricer;0.71
ridicule;0.79
ridicules;0.74
ridiculous;0.78
ridiculously;0.7
rife;0.76
rift;0.83
rifts;0.78
rigid;0.98
rigidity;0.64
rigidness;0.88
rile;0.94
riled;0.67
rip;0.86
rip-off;0.88
ripoff;0.64
ripped;0.85
risk;0.62
risks;0.99
risky;0.81
rival;0.87
rivalry;0.89
roadblocks;0.9
rocky;0.81
rogue;0.9
rollercoaster;0.86
rot;0.83
rotten;0.93
rough;0.85
rremediable;0.68
rubbish;0.85
rude;0.63
rue;0.8
ruffian;0.65
ruffle;0.69
ruin;0.73
ruined;0.88
ruining;0.67
ruinous;0.88
ruins;0.73
rumbling;0.78
rumor;0.99
rumors;0.61
rumours;0.86
rumple;0.94
run-down;0.85
runaway;1
rupture;0.83
rust;0.94
rusts;0.67
rusty;0.68
rut;0.68
ruthless;0.99
ruthlessly;0.91
ruthlessness;0.84
ruts;0.66
sabotage;0.9
sack;0.93
sacrificed;0.71
sad;0.69
sadden;0.87
sadly;0.81
sadness;0.87
sag;0.9
sagged;0.77
sagging;0.79
saggy;0.87
sags;1
salacious;0.65
sanctimonious;0.71
sap;0.98
sarcasm;0.85
sarcastic;0.71
sarcastically;0.76
sardonic;0.62
sardonically;0.74
sass;0.67
satirical;0.99
satirize;0.68
savage;0.68
savaged;0.65
savagery;0.77
savages;0.69
scaly;0.67
scam;0.61
scams;0.9
scandal;0.84
scandalize;0.96
scandalized;0.98
scandalous;0.95
scandalously;0.95
scandals;0.62
scandel;0.63
scandels;0.79
scant;0.74
scapegoat;1
scar;0.68
scarce;0.68
scarcely;0.79
scarcity;0.88
scare;0.7
scared;0.79
scarier;0.96
scariest;0.76
scarily;0.91
scarred;0.79
scars;0.75
scary;0.76
scathing;0.99
scathingly;0.71
sceptical;0.92
scoff;0.62
scoffingly;0.79
scold;0.89
scolded;0.83
scolding;0.67
scoldingly;0.73
scorching;0.63
scorchingly;0.94
scorn;0.84
scornful;0.64
scornfully;0.85
scoundrel;0.94
scourge;0.66
scowl;0.73
scramble;0.92
scrambled;0.79
scrambles;0.77
scrambling;0.96
scrap;0.88
scratch;0.98
scratched;0.64
scratches;0.73
scratchy;0.95
scream;0.64
screech;0.89
screw-up;0.99
screwed;0.81
screwed-up;0.64
screwy;0.82
scuff;0.95
scuffs;0.75
scum;0.96
scummy;0.61
second-class;0.91
second-tier;0.99
secretive;0.96
sedentary;0.67
seedy;0.88
seethe;0.92
seething;0.85
self-coup;0.88
self-criticism;0.88
self-defeating;0.65
self-destructive;0.85
self-humiliation;0.94
self-interest;0.98
self-interested;0.87
self-serving;0.83
selfinterested;0.88
selfish;0.67
selfishly;0.93
selfishness;0.73
semi-retarded;0.66
senile;0.85
sensationalize;0.98
senseless;0.84
senselessly;0.88
seriousness;0.7
sermonize;0.79
servitude;0.98
set-up;0.74
setback;0.75
setbacks;0.83
sever;0.73
severe;0.86
severity;0.75
sh*t;0.62
shabby;0.95
shadowy;0.78
shady;0.65
shake;0.78
shaky;0.71
shallow;0.81
sham;0.69
shambles;0.67
shame;0.94
shameful;0.77
shamefully;0.99
shamefulness;0.69
shameless;0.79
shamelessly;0.77
shamelessness;0.75
shark;0.69
sharply;0.74
shatter;0.81
shemale;0.87
shimmer;0.96
shimmy;0.99
shipwreck;0.73
shirk;0.67
shirker;0.79
shit;0.94
shiver;0.79
shock;0.77
shocked;0.8
shocking;0.65
shockingly;0.87
shoddy;0.8
short-lived;0.88
shortage;0.81
shortchange;0.9
shortcoming;0.95
shortcomings;0.9
shortness;0.71
shortsighted;0.87
shortsightedness;0.82
showdown;0.88
shrew;0.68
shriek;0.69
shrill;0.81
shrilly;0.66
shrivel;0.87
shroud;0.84
shrouded;0.71
shrug;0.94
shun;0.82
shunned;0.6
sick;0.78
sicken;0.7
sickening;0.72
sickeningly;0.66
sickly;0.93
sickness;0.9
sidetrack;0.91
sidetracked;0.83
siege;0.76
sillily;1
silly;0.86
simplistic;0.95
simplistically;0.94
sin;0.85
sinful;0.73
sinfully;0.77
sinister;0.75
sinisterly;0.86
sink;0.78
sinking;0.61
skeletons;0.63
skeptic;0.63
skeptical;0.8
skeptically;0.96
skepticism;0.93
sketchy;0.6
skimpy;0.7
skinny;0.63
skittish;0.86
skittishly;0.89
skulk;0.71
slack;0.74
slander;0.94
slanderer;0.84
slanderous;0.81
slanderously;0.9
slanders;0.79
slap;0.7
slashing;0.87
slaughter;0.81
slaughtered;0.88
slave;0.93
slaves;0.96
sleazy;0.86
slime;0.73
slog;0.82
slogged;0.93
slogging;0.99
slogs;0.72
sloooooooooooooow;0.78
sloooow;0.92
slooow;0.62
sloow;0.8
sloppily;0.66
sloppy;0.63
sloth;0.91
slothful;0.87
slow;0.86
slow-moving;0.6
slowed;0.73
slower;0.88
slowest;0.69
slowly;0.74
sloww;0.86
slowww;0.93
slowwww;0.99
slug;0.81
sluggish;0.92
slump;0.99
slumping;0.78
slumpping;0.69
slur;0.63
slut;0.8
sluts;0.64
sly;0.94
smack;0.94
smallish;0.78
smash;0.98
smear;0.62
smell;0.74
smelled;0.62
smelling;0.74
smells;0.8
smelly;0.77
smelt;0.91
smoke;0.67
smokescreen;0.65
smolder;0.65
smoldering;0.74
smother;0.63
smoulder;0.65
smouldering;0.79
smudge;0.66
smudged;0.63
smudges;0.89
smudging;1
smug;0.78
smugly;0.67
smut;0.74
smuttier;0.66
smuttiest;0.65
smutty;0.95
snag;0.78
snagged;0.73
snagging;0.63
snags;0.84
snappish;0.64
snappishly;0.68
snare;0.96
snarky;0.86
snarl;0.81
sneak;0.99
sneakily;0.69
sneaky;0.8
sneer;0.68
sneering;0.96
sneeringly;0.8
snob;0.85
snobbish;0.94
snobby;0.63
snobish;0.91
snobs;0.67
snub;0.93
so-cal;0.77
soapy;0.71
sob;0.61
sober;0.62
sobering;0.64
solemn;0.98
solicitude;0.84
somber;0.8
sore;0.92
sorely;0.65
soreness;0.7
sorrow;0.93
sorrowful;0.73
sorrowfully;0.75
sorry;0.72
sour;0.62
sourly;0.97
spade;0.73
spank;0.78
spendy;0.7
spew;0.83
spewed;0.75
spewing;0.83
spews;0.94
spilling;0.73
spinster;0.85
spiritless;0.73
spite;0.79
spiteful;0.67
spitefully;0.71
spitefulness;0.81
splatter;0.64
split;0.96
splitting;0.8
spoil;0.9
spoilage;0.63
spoilages;0.79
spoiled;0.98
spoilled;0.65
spoils;0.71
spook;0.63
spookier;0.94
spookiest;0.86
spookily;0.77
spooky;0.79
spoon-fed;0.67
spoon-feed;0.61
spoonfed;0.7
sporadic;0.84
spotty;0.75
spurious;0.89
spurn;0.64
sputter;0.67
squabble;0.94
squabbling;0.75
squander;0.67
squash;0.74
squeak;0.87
squeaks;0.8
squeaky;0.78
squeal;0.76
squealing;0.77
squeals;0.86
squirm;0.77
stab;0.82
stagnant;0.85
stagnate;0.81
stagnation;0.97
staid;0.87
stain;0.86
stains;0.71
stale;0.95
stalemate;0.89
stall;0.71
stalls;0.96
stammer;0.75
stampede;0.74
standstill;0.77
stark;0.9
starkly;0.98
startle;0.64
startling;0.89
startlingly;0.95
starvation;0.8
starve;0.79
static;0.91
steal;0.75
stealing;0.91
steals;0.69
steep;0.95
steeply;0.63
stench;0.67
stereotype;0.97
stereotypical;0.64
stereotypically;0.96
stern;0.83
stew;0.98
sticky;0.94
stiff;0.63
stiffness;0.97
stifle;0.76
stifling;0.81
stiflingly;0.92
stigma;0.91
stigmatize;0.9
sting;0.82
stinging;0.73
stingingly;0.89
stingy;0.68
stink;0.7
stinks;0.94
stodgy;0.69
stole;0.64
stolen;0.67
stooge;0.72
stooges;0.94
stormy;0.73
straggle;0.74
straggler;0.78
strain;0.7
strained;0.65
straining;0.94
strange;0.91
strangely;0.7
stranger;0.88
strangest;0.66
strangle;0.82
streaky;0.8
strenuous;0.62
stress;0.91
stresses;0.91
stressful;0.94
stressfully;0.75
stricken;0.81
strict;0.91
strictly;0.72
strident;0.83
stridently;0.87
strife;0.66
strike;0.61
stringent;0.76
stringently;0.95
struck;0.99
struggle;0.89
struggled;0.97
struggles;0.67
struggling;0.94
strut;0.98
stubborn;0.7
stubbornly;0.84
stubbornness;0.99
stuck;0.96
stuffy;0.97
stumble;0.71
stumbled;0.81
stumbles;0.8
stump;0.7
stumped;0.65
stumps;0.7
stun;0.83
stunt;0.77
stunted;0.98
stupid;0.93
stupidest;0.89
stupidity;0.76
stupidly;0.62
stupified;0.94
stupify;0.69
stupor;0.7
stutter;0.87
stuttered;0.67
stuttering;0.68
stutters;0.99
sty;0.91
stymied;0.71
sub-par;0.99
subdued;1
subjected;0.63
subjection;0.85
subjugate;0.9
subjugation;0.89
submissive;0.88
subordinate;0.9
subpoena;0.66
subpoenas;0.88
subservience;0.82
subservient;0.9
substandard;0.88
subtract;0.74
subversion;0.78
subversive;0.81
subversively;0.96
subvert;0.64
succumb;0.66
suck;0.78
sucked;0.99
sucker;0.64
sucks;0.93
sucky;0.94
sue;0.89
sued;0.88
sueing;0.65
sues;0.77
suffer;0.91
suffered;0.65
sufferer;0.62
sufferers;0.67
suffering;0.6
suffers;0.69
suffocate;0.77
sugar-coat;0.86
sugar-coated;0.94
sugarcoated;0.67
suicidal;0.81
suicide;0.6
sulk;0.67
sullen;0.79
sully;0.7
sunder;0.86
sunk;0.75
sunken;0.61
superficial;0.93
superficiality;0.93
superficially;0.79
superfluous;0.85
superstition;0.89
superstitious;0.99
suppress;0.86
suppression;0.84
surrender;0.85
susceptible;0.68
suspect;0.81
suspicion;0.76
suspicions;0.6
suspicious;0.87
suspiciously;0.75
swagger;0.83
swamped;0.74
sweaty;0.93
swelled;0.7
swelling;0.69
swindle;0.68
swipe;0.63
swollen;0.65
symptom;0.98
symptoms;0.86
syndrome;0.96
taboo;0.93
tacky;0.65
taint;0.65
tainted;0.85
tamper;0.85
tangle;1
tangled;0.65
tangles;0.98
tank;0.85
tanked;0.84
tanks;0.79
tantrum;0.65
tardy;0.97
tarnish;0.86
tarnished;0.98
tarnishes;0.91
tarnishing;0.79
tattered;0.74
taunt;0.96
taunting;0.95
tauntingly;0.66
taunts;0.92
taut;0.93
tawdry;0.76
taxing;0.99
tease;0.7
teasingly;0.92
tedious;0.62
tediously;0.63
temerity;0.69
temper;0.64
tempest;0.67
temptation;0.83
tenderness;0.68
tense;0.94
tension;0.97
tentative;1
tentatively;0.63
tenuous;0.8
tenuously;0.99
tepid;0.82
terrible;0.8
terribleness;0.94
terribly;0.77
terror;0.89
terror-genic;0.79
terrorism;0.7
terrorize;0.67
testily;0.75
testy;0.83
tetchily;0.96
tetchy;0.96
thankless;0.64
thicker;0.79
thirst;0.67
thorny;0.81
thoughtless;0.66
thoughtlessly;0.85
thoughtlessness;0.69
thrash;0.78
threat;0.99
threaten;0.81
threatening;0.78
threats;0.72
threesome;0.86
throb;0.77
throbbed;0.71
throbbing;0.74
throbs;0.85
throttle;0.65
thug;0.93
thumb-down;0.84
thumbs-down;0.66
thwart;0.74
time-consuming;0.72
timid;0.98
timidity;0.82
timidly;0.66
timidness;0.96
tin-y;0.86
tingled;0.68
tingling;0.73
tired;0.96
tiresome;0.99
tiring;0.82
tiringly;0.66
toil;0.62
toll;0.78
top-heavy;0.87
topple;0.89
torment;0.72
tormented;0.82
torrent;0.71
tortuous;0.9
torture;0.85
tortured;0.81
tortures;0.65
torturing;0.63
torturous;0.8
torturously;0.61
totalitarian;0.61
touchy;0.76
toughness;0.73
tout;0.96
touted;0.84
touts;0.63
toxic;0.96
traduce;0.83
tragedy;0.99
tragic;0.97
tragically;0.73
traitor;0.95
traitorous;0.77
traitorously;0.85
tramp;0.94
trample;0.93
transgress;0.9
transgression;0.61
trap;0.69
traped;0.95
trapped;0.8
trash;0.89
trashed;0.92
trashy;0.76
trauma;0.97
traumatic;0.9
traumatically;0.74
traumatize;0.61
traumatized;0.98
travesties;0.66
travesty;0.82
treacherous;0.72
treacherously;1
treachery;0.84
treason;0.68
treasonous;0.69
trick;0.79
tricked;0.81
trickery;0.62
tricky;0.8
trivial;0.66
trivialize;0.62
trouble;0.76
troubled;0.96
troublemaker;0.71
troubles;0.87
troublesome;0.75
troublesomely;0.71
troubling;0.73
troublingly;0.65
truant;0.9
tumble;0.61
tumbled;0.76
tumbles;0.73
tumultuous;0.81
turbulent;0.88
turmoil;0.7
twist;0.86
twisted;0.79
twists;0.8
two-faced;0.75
two-faces;0.9
tyrannical;0.74
tyrannically;0.83
tyranny;0.98
tyrant;0.81
ugh;0.77
uglier;0.6
ugliest;0.79
ugliness;0.79
ugly;0.67
ulterior;0.74
ultimatum;0.63
ultimatums;0.63
ultra-hardline;0.77
un-viewable;0.81
unable;0.74
unacceptable;0.77
unacceptablely;0.72
unacceptably;0.92
unaccessible;0.7
unaccustomed;0.91
unachievable;0.89
unaffordable;0.9
unappealing;0.88
unattractive;0.71
unauthentic;0.81
unavailable;0.61
unavoidably;0.88
unbearable;0.81
unbearablely;0.86
unbelievable;0.63
unbelievably;0.72
uncaring;0.86
uncertain;0.84
uncivil;0.7
uncivilized;0.81
unclean;0.96
unclear;0.78
uncollectible;0.81
uncomfortable;0.94
uncomfortably;0.78
uncomfy;0.99
uncompetitive;0.9
uncompromising;0.89
uncompromisingly;0.76
unconfirmed;0.72
unconstitutional;0.66
uncontrolled;0.61
unconvincing;0.62
unconvincingly;0.94
uncooperative;0.73
uncouth;0.74
uncreative;0.95
undecided;0.79
undefined;0.68
undependability;0.77
undependable;0.69
undercut;0.85
undercuts;0.96
undercutting;0.99
underdog;0.99
underestimate;0.96
underlings;0.66
undermine;0.97
undermined;0.76
undermines;0.77
undermining;0.76
underpaid;0.74
underpowered;0.83
undersized;0.7
undesirable;0.86
undetermined;0.63
undid;0.95
undignified;0.96
undissolved;0.77
undocumented;0.89
undone;0.88
undue;0.85
unease;0.73
uneasily;0.86
uneasiness;0.8
uneasy;0.8
uneconomical;0.88
unemployed;0.68
unequal;0.89
unethical;0.72
uneven;0.97
uneventful;0.64
unexpected;0.76
unexpectedly;0.88
unexplained;0.86
unfairly;0.87
unfaithful;0.67
unfaithfully;0.98
unfamiliar;0.71
unfavorable;0.85
unfeeling;0.99
unfinished;0.72
unfit;0.62
unforeseen;0.97
unforgiving;0.96
unfortunate;0.81
unfortunately;0.99
unfounded;0.86
unfriendly;0.92
unfulfilled;0.98
unfunded;0.6
ungovernable;0.87
ungrateful;0.83
unhappily;0.63
unhappiness;0.77
unhappy;0.79
unhealthy;0.91
unhelpful;0.68
unilateralism;0.84
unimaginable;0.66
unimaginably;0.65
unimportant;0.77
uninformed;0.89
uninsured;0.76
unintelligible;0.7
unintelligile;0.92
unipolar;0.84
unjust;0.62
unjustifiable;0.73
unjustifiably;0.7
unjustified;0.65
unjustly;0.89
unkind;0.97
unkindly;0.72
unknown;0.73
unlamentable;0.66
unlamentably;0.86
unlawful;0.79
unlawfully;0.73
unlawfulness;0.61
unleash;0.96
unlicensed;0.81
unlikely;0.84
unlucky;0.64
unmoved;0.67
unnatural;0.97
unnaturally;0.84
unnecessary;0.67
unneeded;0.8
unnerve;0.91
unnerved;0.96
unnerving;0.81
unnervingly;0.65
unnoticed;0.64
unobserved;0.72
unorthodox;0.96
unorthodoxy;0.85
unpleasant;0.97
unpleasantries;0.82
unpopular;0.74
unpredictable;0.77
unprepared;0.61
unproductive;0.61
unprofitable;0.6
unprove;0.67
unproved;0.77
unproven;0.67
unproves;0.81
unproving;0.99
unqualified;0.76
unravel;0.6
unraveled;0.63
unreachable;0.84
unreadable;0.82
unrealistic;0.68
unreasonable;0.97
unreasonably;0.63
unrelenting;0.75
unrelentingly;0.61
unreliability;0.72
unreliable;0.65
unresolved;0.62
unresponsive;0.77
unrest;0.89
unruly;0.94
unsafe;0.65
unsatisfactory;0.9
unsavory;0.95
unscrupulous;0.74
unscrupulously;0.74
unsecure;0.67
unseemly;0.76
unsettle;0.84
unsettled;0.84
unsettling;0.75
unsettlingly;0.65
unskilled;0.62
unsophisticated;0.94
unsound;0.8
unspeakable;0.98
unspeakablely;0.75
unspecified;0.85
unstable;0.77
unsteadily;0.62
unsteadiness;0.91
unsteady;0.64
unsuccessful;0.78
unsuccessfully;0.61
unsupported;0.75
unsupportive;0.8
unsure;0.68
unsuspecting;0.77
unsustainable;0.76
untenable;0.8
untested;0.75
unthinkable;0.97
unthinkably;0.85
untimely;0.97
untouched;0.87
untrue;0.88
untrustworthy;0.99
untruthful;0.84
unusable;0.66
unusably;0.71
unuseable;0.73
unuseably;0.66
unusual;0.71
unusually;0.61
unviewable;0.88
unwanted;0.79
unwarranted;0.74
unwatchable;0.73
unwelcome;0.96
unwell;0.94
unwieldy;0.72
unwilling;0.62
unwillingly;0.87
unwillingness;0.85
unwise;0.77
unwisely;0.98
unworkable;0.9
unworthy;0.66
unyielding;0.83
upbraid;0.85
upheaval;0.73
uprising;0.95
uproar;0.72
uproarious;0.62
uproariously;0.61
uproarous;0.73
uproarously;0.88
uproot;0.93
upset;0.77
upseting;0.97
upsets;0.78
upsetting;0.7
upsettingly;0.93
urgent;0.96
useless;0.84
usurp;0.88
usurper;0.61
utterly;0.95
vagrant;0.89
vague;0.94
vagueness;0.63
vain;0.66
vainly;0.89
vanity;0.82
vehement;0.93
vehemently;0.83
vengeance;0.6
vengeful;0.98
vengefully;0.73
vengefulness;0.85
venom;0.95
venomous;0.96
venomously;0.69
vent;0.95
vestiges;0.82
vex;0.76
vexation;0.71
vexing;0.9
vexingly;0.87
vibrate;0.63
vibrated;0.68
vibrates;0.77
vibrating;0.92
vibration;0.69
vice;0.68
vicious;0.82
viciously;0.84
viciousness;0.66
victimize;0.93
vile;0.86
vileness;0.61
vilify;0.71
villainous;0.82
villainously;0.64
villains;0.69
villian;0.8
villianous;0.96
villianously;0.75
villify;0.74
vindictive;0.68
vindictively;0.76
vindictiveness;0.8
violate;0.81
violation;0.65
violator;1
violators;0.61
violent;0.63
violently;0.87
viper;0.92
virulence;0.76
virulent;0.61
virulently;0.86
virus;0.78
vociferous;0.79
vociferously;0.79
volatile;0.95
volatility;0.99
vomit;0.68
vomited;0.62
vomiting;0.68
vomits;0.82
vulgar;0.67
vulnerable;0.63
wack;0.77
wail;0.86
wallow;0.85
wane;0.87
waning;0.67
wanton;0.89
war-like;0.77
warily;0.85
wariness;0.85
warlike;0.65
warned;0.75
warning;0.9
warp;0.74
warped;0.73
wary;0.99
washed-out;0.86
waste;0.86
wasted;0.77
wasteful;0.93
wastefulness;0.98
wasting;0.73
water-down;0.79
watered-down;0.72
wayward;0.99
weak;0.8
weaken;0.76
weakening;0.96
weaker;0.81
weakness;0.83
weaknesses;0.72
weariness;0.85
wearisome;0.68
weary;0.85
wedge;0.64
weed;0.84
weep;0.86
weird;0.65
weirdly;0.72
wheedle;0.93
whimper;0.96
whine;0.98
whining;0.74
whiny;0.97
whips;0.85
whore;0.73
whores;0.69
wicked;0.99
wickedly;0.86
wickedness;0.96
wild;0.91
wildly;0.79
wiles;0.85
wilt;0.94
wily;0.91
wimpy;0.69
wince;0.65
wobble;0.86
wobbled;0.75
wobbles;0.83
woe;0.69
woebegone;0.83
woeful;0.9
woefully;0.84
womanizer;0.83
womanizing;0.91
worn;0.67
worried;0.85
worriedly;0.67
worrier;0.68
worries;0.98
worrisome;0.8
worry;0.68
worrying;0.66
worryingly;0.77
worse;0.69
worsen;0.77
worsening;0.97
worst;0.66
worthless;0.77
worthlessly;0.8
worthlessness;0.96
wound;0.92
wounds;0.97
wrangle;0.79
wrath;0.89
wreak;0.87
wreaked;0.85
wreaks;0.69
wreck;0.97
wrest;0.75
wrestle;0.83
wretch;0.66
wretched;0.74
wretchedly;0.83
wretchedness;0.68
wrinkle;0.81
wrinkled;0.66
wrinkles;0.77
wrip;0.85
wripped;0.7
wripping;0.91
writhe;0.74
wrong;0.79
wrongful;0.79
wrongly;0.89
wrought;0.94
yawn;0.8
zap;0.61
zapped;0.8
zaps;0.98
zealot;0.83
zealous;0.92
zealously;0.94
zombie;0.84
adequate;0.32
anchored;0.32
apathetic;0.38
balanced;0.24
bland;0.29
clandestine;0.36
commonplace;0.46
complacent;0.47
concealed;0.49
conforming;0.36
constant;0.45
content;0.48
drowsy;0.31
durable;0.39
enigmatic;0.33
established;0.49
exhausted;0.38
explicit;0.33
factual;0.44
faithful;0.42
fatigued;0.42
fixed;0.21
genuine;0.21
graphic;0.45
humble;0.3
impartial;0.2
indifferent;0.25
informational;0.25
jaded;0.36
knowledgeable;0.48
legitimate;0.5
lifelike;0.47
mediocre;0.4
meek;0.38
mellow;0.47
moderate;0.49
modest;0.27
nonchalant;0.41
objective;0.37
obscure;0.5
ordinary;0.26
placid;0.36
plainspoken;0.3
presentable;0.49
puzzling;0.43
reported;0.47
satisfied;0.39
secretive;0.35
sedate;0.5
serene;0.39
settled;0.38
sluggish;0.32
stable;0.3
standard;0.47
subdued;0.28
tangible;0.25
tolerable;0.48
tranquil;0.43
typical;0.27
unassuming;0.41
unbiased;0.26
unchangeable;0.27
unconcerned;0.45
unintelligible;0.2
unopinionated;0.47
unpretentious;0.38
veiled;0.22
weary;0.33
normal;0.38
a+;0.13
abound;0.03
abounds;0.01
abundance;0.07
abundant;0.12
accessable;0.14
accessible;0.06
acclaim;0.18
acclaimed;0.15
acclamation;0.02
accolade;0
accolades;0.04
accommodative;0.07
accomodative;0.11
accomplish;0.15
accomplished;0.17
accomplishment;0.11
accomplishments;0.1
accurate;0.17
accurately;0.06
achievable;0.13
achievement;0.15
achievements;0.18
achievible;0.16
acumen;0.2
adaptable;0.02
adaptive;0.09
adequate;0.07
adjustable;0.14
admirable;0.01
admirably;0.19
admiration;0.12
admire;0.04
admirer;0.02
admiring;0.15
admiringly;0.01
adorable;0.17
adore;0.04
adored;0.15
adorer;0.19
adoring;0.01
adoringly;0.2
adroit;0.15
adroitly;0.18
adulate;0.01
adulation;0.17
adulatory;0.04
advanced;0.04
advantage;0.02
advantageous;0.13
advantageously;0.02
advantages;0.19
adventuresome;0.08
adventurous;0
advocate;0.08
advocated;0.1
advocates;0.17
affability;0.18
affable;0.17
affably;0.2
affectation;0.13
affection;0.1
affectionate;0.16
affinity;0.09
affirm;0.18
affirmation;0.04
affirmative;0.18
affluence;0.13
affluent;0.09
afford;0.07
affordable;0.14
affordably;0.04
afordable;0.13
agile;0.2
agilely;0
agility;0.15
agreeable;0.07
agreeableness;0.03
agreeably;0.14
all-around;0.12
alluring;0.07
alluringly;0.16
altruistic;0.06
altruistically;0.11
amaze;0.1
amazed;0.1
amazement;0.05
amazes;0.16
amazing;0.05
amazingly;0.03
ambitious;0.15
ambitiously;0.05
ameliorate;0.01
amenable;0.08
amenity;0.12
amiability;0.1
amiabily;0.12
amiable;0.06
amicability;0.09
amicable;0.15
amicably;0.16
amity;0.19
ample;0.14
amply;0.1
amuse;0.01
amusing;0.15
amusingly;0.07
angel;0.16
angelic;0.09
apotheosis;0.06
appeal;0.02
appealing;0.13
applaud;0
appreciable;0.08
appreciate;0.06
appreciated;0.01
appreciates;0.06
appreciative;0.1
appreciatively;0.13
appropriate;0.13
approval;0.19
approve;0.16
ardent;0.01
ardently;0.2
ardor;0.13
articulate;0.17
aspiration;0.09
aspirations;0.2
aspire;0.05
assurance;0.11
assurances;0.12
assure;0.02
assuredly;0
assuring;0.18
astonish;0.16
astonished;0.15
astonishing;0.1
astonishingly;0.18
astonishment;0.16
astound;0.05
astounded;0.19
astounding;0.15
astoundingly;0.01
astutely;0.12
attentive;0.03
attraction;0.03
attractive;0.07
attractively;0.12
attune;0.14
audible;0.02
audibly;0.11
auspicious;0.16
authentic;0.12
authoritative;0.05
autonomous;0.2
available;0.04
aver;0.07
avid;0.08
avidly;0.18
award;0.16
awarded;0.18
awards;0.07
awe;0.14
awed;0.19
awesome;0.16
awesomely;0.09
awesomeness;0.04
awestruck;0.05
awsome;0.02
backbone;0.01
balanced;0.01
bargain;0.15
beauteous;0.03
beautiful;0.07
beautifullly;0.09
beautifully;0.17
beautify;0.13
beauty;0.12
beckon;0.02
beckoned;0.12
beckoning;0.02
beckons;0.19
believable;0.16
believeable;0.03
beloved;0.03
benefactor;0.13
beneficent;0.07
beneficial;0.12
beneficially;0.04
beneficiary;0.03
benefit;0.04
benefits;0.14
benevolence;0.02
benevolent;0.11
benifits;0.04
best;0.01
best-known;0.03
best-performing;0
best-selling;0.07
better;0.16
better-known;0.04
better-than-expected;0.12
beutifully;0.04
blameless;0.19
bless;0.09
blessing;0.19
bliss;0.02
blissful;0.16
blissfully;0.06
blithe;0.14
blockbuster;0.1
bloom;0.09
blossom;0.08
bolster;0.08
bonny;0.14
bonus;0.18
bonuses;0.02
boom;0.04
booming;0.13
boost;0.1
boundless;0.11
bountiful;0.09
brainiest;0.15
brainy;0.03
brand-new;0.09
brave;0.06
bravery;0.04
bravo;0.01
breakthrough;0.07
breakthroughs;0.08
breathlessness;0.16
breathtaking;0.04
breathtakingly;0.09
breeze;0.07
bright;0.05
brighten;0.03
brighter;0.19
brightest;0.15
brilliance;0.12
brilliances;0.06
brilliant;0.01
brilliantly;0.14
brisk;0.19
brotherly;0.15
bullish;0.07
buoyant;0.18
cajole;0.17
calm;0.14
calming;0.09
calmness;0.11
capability;0.08
capable;0.01
capably;0.06
captivate;0.09
captivating;0
carefree;0.01
cashback;0.02
cashbacks;0.11
catchy;0.15
celebrate;0.16
celebrated;0.01
celebration;0.08
celebratory;0.08
champ;0.18
champion;0.01
charisma;0.01
charismatic;0.01
charitable;0.19
charm;0.19
charming;0.01
charmingly;0.03
chaste;0.16
cheaper;0.03
cheapest;0.14
cheer;0.09
cheerful;0.16
cheery;0.15
cherish;0.06
cherished;0.05
cherub;0.14
chic;0.15
chivalrous;0.18
chivalry;0.14
civility;0.17
civilize;0.01
clarity;0.09
classic;0.04
classy;0.11
clean;0.18
cleaner;0.1
cleanest;0.02
cleanliness;0.06
cleanly;0.01
clear;0.17
clear-cut;0.05
cleared;0.11
clearer;0.11
clearly;0.08
clears;0.13
clever;0.12
cleverly;0.19
cohere;0.09
coherence;0.18
coherent;0.19
cohesive;0.11
colorful;0.18
comely;0.07
comfort;0.01
comfortable;0.18
comfortably;0.11
comforting;0.12
comfy;0.04
commend;0.15
commendable;0.1
commendably;0.08
commitment;0.1
commodious;0.2
compact;0.14
compactly;0.16
compassion;0.07
compassionate;0.18
compatible;0.17
competitive;0.03
complement;0.18
complementary;0.04
complemented;0.11
complements;0.18
compliant;0.03
compliment;0.06
complimentary;0.01
comprehensive;0.2
conciliate;0.03
conciliatory;0.03
concise;0.09
confidence;0.01
confident;0.17
congenial;0.19
congratulate;0.06
congratulation;0.02
congratulations;0.07
congratulatory;0.02
conscientious;0.15
considerate;0.1
consistent;0.13
consistently;0.11
constructive;0.06
consummate;0.07
contentment;0.16
continuity;0.03
contrasty;0.01
contribution;0.09
convenience;0.04
convenient;0.04
conveniently;0.03
convience;0.18
convienient;0.11
convient;0.07
convincing;0.08
convincingly;0.04
cool;0.04
coolest;0.06
cooperative;0.05
cooperatively;0.09
cornerstone;0.19
correct;0.05
correctly;0.07
cost-effective;0.1
cost-saving;0.14
counter-attack;0.05
counter-attacks;0
courage;0.2
courageous;0.03
courageously;0.17
courageousness;0.12
courteous;0.01
courtly;0.03
covenant;0.12
cozy;0.09
creative;0.13
credence;0.05
credible;0.17
crisp;0.15
crisper;0.05
cure;0.05
cure-all;0.03
cushy;0.07
cute;0.02
cuteness;0.09
danke;0.19
danken;0.12
daring;0.18
daringly;0.02
darling;0.19
dashing;0.08
dauntless;0.17
dawn;0.05
dazzle;0.1
dazzled;0.13
dazzling;0.02
dead-cheap;0.02
dead-on;0.06
decency;0.17
decent;0.07
decisive;0.17
decisiveness;0.19
dedicated;0.14
defeat;0.03
defeated;0.02
defeating;0.16
defeats;0.06
defender;0.17
deference;0.19
deft;0.12
deginified;0.1
delectable;0.04
delicacy;0.1
delicate;0.15
delicious;0.02
delight;0.07
delighted;0.13
delightful;0.16
delightfully;0.04
delightfulness;0.06
dependable;0.12
dependably;0.06
deservedly;0.12
deserving;0.11
desirable;0.02
desiring;0
desirous;0.03
destiny;0.07
detachable;0.09
devout;0.08
dexterous;0.11
dexterously;0.02
dextrous;0.17
dignified;0.18
dignify;0.16
dignity;0.07
diligence;0.05
diligent;0.03
diligently;0.07
diplomatic;0.15
dirt-cheap;0.04
distinction;0.05
distinctive;0.1
distinguished;0.07
diversified;0.19
divine;0.08
divinely;0.08
dominate;0.01
dominated;0.04
dominates;0.13
dote;0.08
dotingly;0.16
doubtless;0.08
dreamland;0.09
dumbfounded;0.12
dumbfounding;0.05
dummy-proof;0.08
durable;0.13
dynamic;0.06
eager;0.18
eagerly;0.18
eagerness;0.08
earnest;0.03
earnestly;0.05
earnestness;0.16
ease;0.06
eased;0.11
eases;0.16
easier;0.08
easiest;0.08
easiness;0.16
easing;0.19
easy;0.03
easy-to-use;0.07
easygoing;0.1
ebullience;0
ebullient;0.07
ebulliently;0.19
ecenomical;0.04
economical;0.04
ecstasies;0.08
ecstasy;0.03
ecstatic;0.2
ecstatically;0.01
edify;0.06
educated;0.11
effective;0.12
effectively;0.05
effectiveness;0
effectual;0.16
efficacious;0.1
efficient;0.01
efficiently;0.02
effortless;0.18
effortlessly;0.05
effusion;0.06
effusive;0.1
effusively;0.05
effusiveness;0.01
elan;0.01
elate;0.14
elated;0.06
elatedly;0.16
elation;0.08
electrify;0
elegance;0.17
elegant;0.2
elegantly;0.05
elevate;0.13
elite;0.09
eloquence;0.02
eloquent;0.12
eloquently;0.13
embolden;0
eminence;0.03
eminent;0.15
empathize;0.16
empathy;0.01
empower;0.08
empowerment;0.13
enchant;0.19
enchanted;0.17
enchanting;0.11
enchantingly;0.07
encourage;0.07
encouragement;0.19
encouraging;0.12
encouragingly;0.12
endear;0.16
endearing;0.07
endorse;0.08
endorsed;0.07
endorsement;0.12
endorses;0.17
endorsing;0.02
energetic;0.19
energize;0.08
energy-efficient;0.17
energy-saving;0.13
engaging;0.06
engrossing;0.1
enhance;0.18
enhanced;0.04
enhancement;0.18
enhances;0.02
enjoy;0.12
enjoyable;0.05
enjoyably;0.19
enjoyed;0.11
enjoying;0.05
enjoyment;0.01
enjoys;0.17
enlighten;0.05
enlightenment;0.02
enliven;0.01
ennoble;0.06
enough;0.06
enrapt;0.06
enrapture;0.17
enraptured;0.07
enrich;0.12
enrichment;0.05
enterprising;0.1
entertain;0.05
entertaining;0.06
entertains;0.15
enthral;0.06
enthrall;0.06
enthralled;0.1
enthuse;0.06
enthusiasm;0.19
enthusiast;0.02
enthusiastic;0.09
enthusiastically;0.12
entice;0.12
enticed;0.05
enticing;0.17
enticingly;0.11
entranced;0.13
entrancing;0
entrust;0.14
enviable;0.12
enviably;0.02
envious;0.09
enviously;0.16
enviousness;0.08
envy;0.16
equitable;0.18
ergonomical;0.06
err-free;0.11
erudite;0.12
ethical;0.04
eulogize;0.04
euphoria;0.11
euphoric;0.08
euphorically;0.14
evaluative;0.08
evenly;0.12
eventful;0.01
everlasting;0.2
evocative;0.1
exalt;0.13
exaltation;0.01
exalted;0.05
exaltedly;0.04
exalting;0.05
exaltingly;0.12
examplar;0.15
examplary;0.15
excallent;0.08
exceed;0.11
exceeded;0.14
exceeding;0.01
exceedingly;0.03
exceeds;0.03
excel;0.03
exceled;0.12
excelent;0.19
excellant;0.13
excelled;0.01
excellence;0.03
excellency;0.1
excellent;0.05
excellently;0.04
excels;0.18
exceptional;0.04
exceptionally;0.15
excite;0.1
excited;0.01
excitedly;0.08
excitedness;0.15
excitement;0.17
excites;0.18
exciting;0.14
excitingly;0.03
exellent;0.03
exemplar;0.07
exemplary;0.07
exhilarate;0.03
exhilarating;0.04
exhilaratingly;0.07
exhilaration;0.04
exonerate;0.16
expansive;0.03
expeditiously;0.16
expertly;0.1
exquisite;0.11
exquisitely;0.19
extol;0.18
extoll;0.03
extraordinarily;0.09
extraordinary;0.17
exuberance;0.15
exuberant;0.08
exuberantly;0.2
exult;0.08
exultant;0.13
exultation;0.15
exultingly;0.1
eye-catch;0.1
eye-catching;0.06
eyecatch;0.16
eyecatching;0.14
fabulous;0.18
fabulously;0.13
facilitate;0.1
fair;0.1
fairly;0.06
fairness;0.1
faith;0.05
faithful;0.19
faithfully;0.17
faithfulness;0.02
fame;0.05
famed;0.19
famous;0.04
famously;0.15
fancier;0.19
fancinating;0.08
fancy;0.01
fanfare;0.11
fans;0.1
fantastic;0.12
fantastically;0.16
fascinate;0.1
fascinating;0.19
fascinatingly;0.18
fascination;0.06
fashionable;0.13
fashionably;0.19
fast;0.12
fast-growing;0.03
fast-paced;0.15
faster;0.18
fastest;0.05
fastest-growing;0.15
faultless;0.04
fav;0.03
fave;0.03
favor;0.16
favorable;0.11
favored;0.15
favorite;0.13
favorited;0
favour;0.03
fearless;0.12
fearlessly;0.07
feasible;0.14
feasibly;0.01
feat;0.06
feature-rich;0.17
fecilitous;0.03
feisty;0.15
felicitate;0.1
felicitous;0.06
felicity;0.08
fertile;0.1
fervent;0.01
fervently;0.14
fervid;0.08
fervidly;0.05
fervor;0.06
festive;0.14
fidelity;0.01
fiery;0.15
fine;0.06
fine-looking;0.03
finely;0.13
finer;0.02
finest;0.08
firmer;0.15
first-class;0.16
first-in-class;0.05
first-rate;0.16
flashy;0.13
flatter;0.15
flattering;0.03
flatteringly;0.17
flawless;0.05
flawlessly;0.08
flexibility;0.15
flexible;0.05
flourish;0.2
flourishing;0.13
fluent;0.01
flutter;0.04
fond;0.15
fondly;0.08
fondness;0.05
foolproof;0.19
foremost;0.05
foresight;0.09
formidable;0.04
fortitude;0.14
fortuitous;0.15
fortuitously;0.15
fortunate;0.13
fortunately;0.04
fortune;0.17
fragrant;0.04
free;0.11
freed;0.19
freedom;0.16
freedoms;0.01
fresh;0.09
fresher;0
freshest;0
friendliness;0.03
friendly;0.09
frolic;0.15
frugal;0.01
fruitful;0.14
ftw;0.03
fulfillment;0.04
fun;0.09
futurestic;0.08
futuristic;0.17
gaiety;0.12
gaily;0.17
gain;0.15
gained;0.05
gainful;0.05
gainfully;0.16
gaining;0.08
gains;0.03
gallant;0.17
gallantly;0.14
galore;0.11
geekier;0.16
geeky;0.19
gem;0.06
gems;0.05
generosity;0.11
generous;0.15
generously;0.16
genial;0.09
genius;0.17
gentle;0.07
gentlest;0.19
genuine;0.03
gifted;0.18
glad;0.03
gladden;0.03
gladly;0.08
gladness;0.08
glamorous;0.04
glee;0.2
gleeful;0.2
gleefully;0.05
glimmer;0.17
glimmering;0.04
glisten;0.18
glistening;0.16
glitter;0.14
glitz;0.12
glorify;0.17
glorious;0.19
gloriously;0.08
glory;0.12
glow;0.11
glowing;0.04
glowingly;0.15
god-given;0.14
god-send;0.14
godlike;0.17
godsend;0.04
gold;0.05
golden;0.14
good;0.13
goodly;0.15
goodness;0.18
goodwill;0.01
goood;0.11
gooood;0.11
gorgeous;0.2
gorgeously;0.19
grace;0.13
graceful;0.17
gracefully;0.02
gracious;0.04
graciously;0.16
graciousness;0.18
grand;0.17
grandeur;0.13
grateful;0.11
gratefully;0.05
gratification;0.18
gratified;0.07
gratifies;0.03
gratify;0.18
gratifying;0.17
gratifyingly;0.14
gratitude;0.16
great;0.03
greatest;0.01
greatness;0
grin;0.04
groundbreaking;0.18
guarantee;0.05
guidance;0.19
guiltless;0.19
gumption;0.08
gush;0.04
gusto;0.09
gutsy;0.15
hail;0.16
halcyon;0.06
hale;0.02
hallmark;0.17
hallmarks;0.14
hallowed;0.08
handier;0.13
handily;0.16
hands-down;0.18
handsome;0.05
handsomely;0.16
handy;0.04
happier;0.12
happily;0.03
happiness;0.03
happy;0.13
hard-working;0.17
hardier;0.15
hardy;0.05
harmless;0.09
harmonious;0.08
harmoniously;0.19
harmonize;0.02
harmony;0.06
headway;0.02
heal;0.09
healthful;0.02
healthy;0.04
hearten;0.04
heartening;0.05
heartfelt;0.2
heartily;0.04
heartwarming;0.19
heaven;0.04
heavenly;0.2
helped;0.18
helpful;0.04
helping;0.02
hero;0.01
heroic;0.13
heroically;0.01
heroine;0.08
heroize;0.01
heros;0.17
high-quality;0.08
high-spirited;0.07
hilarious;0.03
holy;0.02
homage;0.1
honest;0.11
honesty;0.16
honor;0.09
honorable;0.14
honored;0.1
honoring;0.09
hooray;0.03
hopeful;0.12
hospitable;0.18
hot;0.11
hotcake;0.13
hotcakes;0.11
hottest;0.06
hug;0.13
humane;0.08
humble;0.1
humility;0.04
humor;0.16
humorous;0.07
humorously;0.06
humour;0.17
humourous;0.09
ideal;0.15
idealize;0.05
ideally;0.07
idol;0.03
idolize;0.14
idolized;0.08
idyllic;0.14
illuminate;0.07
illuminati;0.18
illuminating;0.11
illumine;0.14
illustrious;0.02
ilu;0.11
imaculate;0.05
imaginative;0.03
immaculate;0.04
immaculately;0.03
immense;0.06
impartial;0.1
impartiality;0.15
impartially;0.17
impassioned;0.06
impeccable;0.15
impeccably;0.16
important;0.02
impress;0.04
impressed;0.15
impresses;0.13
impressive;0.17
impressively;0.02
impressiveness;0.03
improve;0.12
improved;0.08
improvement;0.12
improvements;0.2
improves;0.16
improving;0.07
incredible;0.16
incredibly;0.08
indebted;0.08
individualized;0.15
indulgence;0.16
indulgent;0.08
industrious;0.07
inestimable;0.1
inestimably;0.19
inexpensive;0.18
infallibility;0.13
infallible;0.12
infallibly;0.11
influential;0.18
ingenious;0.03
ingeniously;0.08
ingenuity;0.01
ingenuous;0.01
ingenuously;0.06
innocuous;0.12
innovation;0
innovative;0.02
inpressed;0.2
insightful;0.04
insightfully;0.16
inspiration;0.08
inspirational;0.12
inspire;0.16
inspiring;0.05
instantly;0.06
instructive;0.1
instrumental;0.09
integral;0.1
integrated;0.2
intelligence;0.15
intelligent;0.02
intelligible;0.02
interesting;0.06
interests;0.03
intimacy;0.2
intimate;0.13
intricate;0.2
intrigue;0.05
intriguing;0.17
intriguingly;0.13
intuitive;0.06
invaluable;0.06
invaluablely;0.04
inventive;0.09
invigorate;0.13
invigorating;0.05
invincibility;0.11
invincible;0.16
inviolable;0.11
inviolate;0.16
invulnerable;0.05
irreplaceable;0.2
irreproachable;0
irresistible;0.09
irresistibly;0.11
issue-free;0.11
jaw-droping;0.12
jaw-dropping;0.02
jollify;0.04
jolly;0.16
jovial;0.05
joy;0.11
joyful;0.02
joyfully;0.15
joyous;0.16
joyously;0.19
jubilant;0.03
jubilantly;0.04
jubilate;0.11
jubilation;0.01
jubiliant;0.14
judicious;0.13
justly;0.02
keen;0.15
keenly;0.19
keenness;0.05
kid-friendly;0.16
kindliness;0.19
kindly;0.03
kindness;0.06
knowledgeable;0.2
kudos;0.01
large-capacity;0.11
laud;0.04
laudable;0.2
laudably;0.17
lavish;0.11
lavishly;0.06
law-abiding;0.12
lawful;0.05
lawfully;0.09
lead;0.15
leading;0.07
leads;0.01
lean;0.08
led;0.05
legendary;0.04
leverage;0.08
levity;0.06
liberate;0.11
liberation;0.14
liberty;0.13
lifesaver;0.19
light-hearted;0.1
lighter;0.17
likable;0.07
like;0.17
liked;0.19
likes;0.01
liking;0.17
lionhearted;0.08
lively;0.13
logical;0.13
long-lasting;0.14
lovable;0.15
lovably;0.09
love;0.07
loved;0.06
loveliness;0.09
lovely;0.07
lover;0.09
loves;0.19
loving;0.07
low-cost;0.1
low-price;0.19
low-priced;0.05
low-risk;0.03
lower-priced;0.02
loyal;0.19
loyalty;0.14
lucid;0.15
lucidly;0.11
luck;0.02
luckier;0.19
luckiest;0.03
luckiness;0.16
lucky;0.06
lucrative;0.05
luminous;0.02
lush;0.18
luster;0.08
lustrous;0.17
luxuriant;0.01
luxuriate;0.07
luxurious;0.14
luxuriously;0.14
luxury;0.19
lyrical;0.2
magic;0.02
magical;0.12
magnanimous;0.14
magnanimously;0.15
magnificence;0.14
magnificent;0.11
magnificently;0.2
majestic;0.01
majesty;0.11
manageable;0.07
maneuverable;0.09
marvel;0.16
marveled;0.05
marvelled;0.13
marvellous;0.06
marvelous;0.15
marvelously;0.04
marvelousness;0.08
marvels;0.07
master;0.01
masterful;0.17
masterfully;0.2
masterpiece;0
masterpieces;0.06
masters;0.18
mastery;0.03
matchless;0.12
mature;0.13
maturely;0.07
maturity;0.07
meaningful;0.05
memorable;0.11
merciful;0.02
mercifully;0.12
mercy;0.09
merit;0.17
meritorious;0.06
merrily;0.2
merriment;0.07
merriness;0.19
merry;0.18
mesmerize;0.17
mesmerized;0.19
mesmerizes;0.19
mesmerizing;0.17
mesmerizingly;0.02
meticulous;0.07
meticulously;0.04
mightily;0.07
mighty;0.11
mind-blowing;0.14
miracle;0.14
miracles;0.04
miraculous;0.12
miraculously;0.04
miraculousness;0.14
modern;0.04
modest;0.05
modesty;0.18
momentous;0.04
monumental;0.16
monumentally;0.04
morality;0.06
motivated;0.16
multi-purpose;0.02
navigable;0.09
neat;0.19
neatest;0.16
neatly;0.2
nice;0.15
nicely;0.06
nicer;0.17
nicest;0.04
nifty;0.04
nimble;0.16
noble;0.07
nobly;0.07
noiseless;0.16
non-violence;0.03
non-violent;0.02
notably;0.19
noteworthy;0.09
nourish;0.06
nourishing;0.11
nourishment;0.14
novelty;0.01
nurturing;0.12
oasis;0.08
obsession;0.14
obsessions;0.03
obtainable;0.03
openly;0.15
openness;0.14
optimal;0.1
optimism;0.08
optimistic;0.05
opulent;0.11
orderly;0.16
originality;0.07
outdo;0.02
outdone;0.16
outperform;0.11
outperformed;0.18
outperforming;0.05
outperforms;0.03
outshine;0.18
outshone;0.02
outsmart;0.1
outstanding;0.02
outstandingly;0.11
outstrip;0.2
outwit;0.09
ovation;0.09
overjoyed;0.07
overtake;0.04
overtaken;0.02
overtakes;0.19
overtaking;0.02
overtook;0.19
overture;0.2
pain-free;0.03
painless;0.01
painlessly;0.19
palatial;0.08
pamper;0.02
pampered;0.13
pamperedly;0.2
pamperedness;0.08
pampers;0.01
panoramic;0.19
paradise;0.03
paramount;0.1
pardon;0.17
passion;0.03
passionate;0.05
passionately;0.1
patience;0.15
patient;0.12
patiently;0.13
patriot;0
patriotic;0.03
peace;0.05
peaceable;0.08
peaceful;0.09
peacefully;0.12
peacekeepers;0.15
peach;0.16
peerless;0.14
pep;0.06
pepped;0.13
pepping;0.18
peppy;0.07
peps;0.12
perfect;0
perfection;0.18
perfectly;0.01
permissible;0.16
perseverance;0.11
persevere;0.14
personages;0.08
personalized;0.02
phenomenal;0.07
phenomenally;0.09
picturesque;0.03
piety;0.15
pinnacle;0.15
playful;0.04
playfully;0.06
pleasant;0.13
pleasantly;0.09
pleased;0.08
pleases;0.02
pleasing;0.05
pleasingly;0.14
pleasurable;0.1
pleasurably;0.01
pleasure;0.16
plentiful;0.06
pluses;0.02
plush;0.03
plusses;0.06
poetic;0.17
poeticize;0.06
poignant;0.2
poise;0.13
poised;0.07
polished;0.17
polite;0.11
politeness;0.04
popular;0.18
portable;0.14
posh;0.19
positive;0.08
positively;0.07
positives;0.18
powerful;0.06
powerfully;0.08
praise;0.04
praiseworthy;0.17
praising;0.08
pre-eminent;0.17
precious;0.05
precise;0.05
precisely;0.17
preeminent;0.18
prefer;0.15
preferable;0.1
preferably;0.15
prefered;0.07
preferes;0.13
preferring;0.07
prefers;0.19
premier;0.1
prestige;0.16
prestigious;0.11
prettily;0.04
pretty;0.12
priceless;0.19
pride;0.17
principled;0.02
privilege;0.12
privileged;0.19
prize;0.1
proactive;0.13
problem-free;0.16
problem-solver;0.07
prodigious;0.01
prodigiously;0.11
prodigy;0.17
productive;0.06
productively;0.09
proficient;0.08
proficiently;0.09
profound;0.08
profoundly;0.01
profuse;0.14
profusion;0.09
progress;0.04
progressive;0.13
prolific;0.07
prominence;0.16
prominent;0.15
promise;0.09
promised;0.02
promises;0.02
promising;0.18
promoter;0.15
prompt;0.06
promptly;0.09
proper;0.1
properly;0.15
propitious;0.05
propitiously;0.1
pros;0.01
prosper;0.02
prosperity;0.17
prosperous;0.13
prospros;0.09
protect;0.01
protection;0.18
protective;0.05
proud;0.08
proven;0
proves;0.19
providence;0.07
proving;0.19
prowess;0.02
prudence;0.07
prudent;0.13
prudently;0.12
punctual;0.13
pure;0.17
purify;0.15
purposeful;0.11
quaint;0.07
qualified;0.11
qualify;0.12
quicker;0.19
quiet;0.09
quieter;0.05
radiance;0.1
radiant;0.07
rapid;0.11
rapport;0.11
rapt;0.18
rapture;0.18
raptureous;0.12
raptureously;0.06
rapturous;0.05
rapturously;0.19
rational;0.12
razor-sharp;0.07
reachable;0.08
readable;0.11
readily;0.06
ready;0.17
reaffirm;0.09
reaffirmation;0.17
realistic;0.12
realizable;0.16
reasonable;0.19
reasonably;0.2
reasoned;0.02
reassurance;0.08
reassure;0.03
receptive;0.09
reclaim;0.06
recomend;0.08
recommend;0.02
recommendation;0.04
recommendations;0.17
recommended;0.19
reconcile;0.15
reconciliation;0.17
record-setting;0.15
recover;0
recovery;0.05
rectification;0.16
rectify;0.19
rectifying;0.04
redeem;0.18
redeeming;0.05
redemption;0.12
refine;0.16
refined;0.06
refinement;0.19
reform;0.15
reformed;0.09
reforming;0.11
reforms;0.08
refresh;0.04
refreshed;0.09
refreshing;0.11
refund;0.07
refunded;0.01
regal;0.01
regally;0.15
regard;0.03
rejoice;0.1
rejoicing;0.1
rejoicingly;0.04
rejuvenate;0.1
rejuvenated;0.11
rejuvenating;0.09
relaxed;0.15
relent;0.01
reliable;0.18
reliably;0.17
relief;0.17
relish;0.04
remarkable;0.11
remarkably;0.16
remedy;0.04
remission;0.05
remunerate;0
renaissance;0.14
renewed;0.17
renown;0.12
renowned;0.13
replaceable;0.01
reputable;0.16
reputation;0.1
resilient;0.2
resolute;0.03
resound;0.19
resounding;0.03
resourceful;0.02
resourcefulness;0.02
respect;0.13
respectable;0.13
respectful;0.13
respectfully;0.2
respite;0.1
resplendent;0.07
responsibly;0.1
responsive;0.13
restful;0.17
restored;0.08
restructure;0.11
restructured;0.19
restructuring;0.08
retractable;0.13
revel;0.08
revelation;0.01
revere;0.06
reverence;0.11
reverent;0.01
reverently;0.01
revitalize;0.05
revival;0.1
revive;0.1
revives;0.2
revolutionary;0.16
revolutionize;0.07
revolutionized;0.01
revolutionizes;0.02
reward;0.16
rewarding;0.05
rewardingly;0.05
rich;0.1
richer;0.05
richly;0.19
richness;0.12
right;0.06
righten;0.17
righteous;0.14
righteously;0.19
righteousness;0.09
rightful;0.09
rightfully;0.09
rightly;0.15
rightness;0.15
risk-free;0.01
robust;0.1
rock-star;0.12
rock-stars;0.1
rockstar;0.15
rockstars;0.13
romantic;0.13
romantically;0.12
romanticize;0.09
roomier;0.08
roomy;0.07
rosy;0.01
safe;0.19
safely;0.18
sagacity;0.12
sagely;0.02
saint;0.18
saintliness;0.01
saintly;0.03
salutary;0.09
salute;0.14
sane;0.09
satisfactorily;0.05
satisfactory;0.13
satisfied;0.08
satisfies;0.15
satisfy;0.07
satisfying;0.15
satisified;0.05
saver;0.04
savings;0.18
savior;0.04
savvy;0.15
scenic;0.03
seamless;0.01
seasoned;0.09
secure;0.09
securely;0.04
selective;0.04
self-determination;0.07
self-respect;0.13
self-satisfaction;0
self-sufficiency;0.18
self-sufficient;0.19
sensation;0.2
sensational;0.04
sensationally;0.17
sensations;0.2
sensible;0.04
sensibly;0.01
sensitive;0.2
serene;0.06
serenity;0.09
sexy;0.12
sharp;0.02
sharper;0.03
sharpest;0.18
shimmering;0.03
shimmeringly;0.19
shine;0.16
shiny;0.16
significant;0.09
silent;0.03
simpler;0.05
simplest;0.02
simplified;0.1
simplifies;0.05
simplify;0.12
simplifying;0.17
sincere;0.05
sincerely;0.14
sincerity;0.17
skill;0.09
skilled;0.03
skillful;0.15
skillfully;0.03
slammin;0.18
sleek;0.14
slick;0.02
smart;0.02
smarter;0.11
smartest;0.09
smartly;0.13
smile;0.1
smiles;0.15
smiling;0.01
smilingly;0.05
smitten;0.09
smooth;0.1
smoother;0.15
smoothes;0.13
smoothest;0.11
smoothly;0.08
snappy;0.16
snazzy;0.05
sociable;0.17
soft;0.03
softer;0.07
solace;0.05
solicitous;0.07
solicitously;0.19
solid;0.19
solidarity;0.2
soothe;0.13
soothingly;0.07
sophisticated;0.03
soulful;0.06
soundly;0.17
soundness;0.11
spacious;0.01
sparkle;0.13
sparkling;0.07
spectacular;0.13
spectacularly;0.11
speedily;0.01
speedy;0.05
spellbind;0.08
spellbinding;0
spellbindingly;0.14
spellbound;0.16
spirited;0.1
spiritual;0.1
splendid;0.17
splendidly;0.03
splendor;0.1
spontaneous;0.1
sporty;0.15
spotless;0.17
sprightly;0.06
stability;0.16
stabilize;0.06
stable;0.04
stainless;0.09
standout;0.1
state-of-the-art;0.01
stately;0.08
statuesque;0.01
staunch;0.18
staunchly;0.07
staunchness;0.02
steadfast;0.2
steadfastly;0.14
steadfastness;0.19
steadiest;0.15
steadiness;0.05
steady;0.17
stellar;0.11
stellarly;0.12
stimulate;0.19
stimulates;0
stimulating;0.07
stimulative;0.16
stirringly;0.06
straighten;0.1
straightforward;0.12
streamlined;0.07
striking;0.02
strikingly;0.06
striving;0.14
strong;0.14
stronger;0.19
strongest;0.04
stunned;0.14
stunning;0.14
stunningly;0.16
stupendous;0.18
stupendously;0.11
sturdier;0.08
sturdy;0.2
stylish;0.04
stylishly;0.1
stylized;0.02
suave;0.14
suavely;0.14
sublime;0.14
subsidize;0.17
subsidized;0.17
subsidizes;0.04
subsidizing;0.06
substantive;0.08
succeed;0.08
succeeded;0.01
succeeding;0.12
succeeds;0.01
succes;0.19
success;0.15
successes;0.14
successful;0.2
successfully;0.17
suffice;0.01
sufficed;0.06
suffices;0.04
sufficient;0.09
sufficiently;0.1
suitable;0.13
sumptuous;0.06
sumptuously;0.09
sumptuousness;0.03
super;0.14
superb;0.17
superbly;0.15
superior;0.16
superiority;0.2
supple;0.1
support;0.18
supported;0.1
supporter;0.16
supporting;0.09
supportive;0.02
supports;0.18
supremacy;0.13
supreme;0.18
supremely;0.07
supurb;0.07
supurbly;0.05
surmount;0.12
surpass;0.01
surreal;0.08
survival;0.05
survivor;0.04
sustainability;0.08
sustainable;0.13
swank;0.2
swankier;0.14
swankiest;0.11
swanky;0.06
sweeping;0.08
sweet;0.01
sweeten;0.04
sweetheart;0.05
sweetly;0.18
sweetness;0.16
swift;0.03
swiftness;0.07
talent;0.01
talented;0.13
talents;0
tantalize;0.12
tantalizing;0.09
tantalizingly;0.02
tempt;0.09
tempting;0.01
temptingly;0.11
tenacious;0.14
tenaciously;0.14
tenacity;0.03
tender;0.03
tenderly;0.05
terrific;0.12
terrifically;0.04
thank;0.15
thankful;0.1
thinner;0.1
thoughtful;0.07
thoughtfully;0.04
thoughtfulness;0.08
thrift;0.05
thrifty;0.13
thrill;0.08
thrilled;0.08
thrilling;0.17
thrillingly;0.03
thrills;0.04
thrive;0.2
thriving;0.07
thumb-up;0.05
thumbs-up;0.08
tickle;0.04
tidy;0.16
time-honored;0.13
timely;0.11
tingle;0.1
titillate;0.19
titillating;0.03
titillatingly;0.19
togetherness;0.1
tolerable;0.01
toll-free;0.18
top;0.13
top-notch;0.03
top-quality;0.1
topnotch;0.16
tops;0.09
tough;0.08
tougher;0.04
toughest;0.09
traction;0.1
tranquil;0.08
tranquility;0.07
transparent;0.02
treasure;0.15
tremendously;0.04
trendy;0.02
triumph;0.07
triumphal;0.12
triumphant;0.16
triumphantly;0.04
trivially;0.06
trophy;0.12
trouble-free;0.18
trump;0.04
trumpet;0.18
trust;0.08
trusted;0.16
trusting;0.17
trustingly;0.06
trustworthiness;0.03
trustworthy;0.02
trusty;0.05
truthful;0.02
truthfully;0
truthfulness;0.07
twinkly;0.12
ultra-crisp;0.01
unabashed;0.14
unabashedly;0.01
unaffected;0.04
unassailable;0.11
unbeatable;0.19
unbiased;0.07
unbound;0.16
uncomplicated;0.19
unconditional;0.17
undamaged;0.09
undaunted;0.19
understandable;0.12
undisputable;0.1
undisputably;0.13
undisputed;0.09
unencumbered;0.07
unequivocal;0.17
unequivocally;0.2
unfazed;0.2
unfettered;0.11
unforgettable;0.07
unity;0.1
unlimited;0.18
unmatched;0.2
unparalleled;0.09
unquestionable;0.15
unquestionably;0.17
unreal;0.01
unrestricted;0.05
unrivaled;0.18
unselfish;0.14
unwavering;0.18
upbeat;0.14
upgradable;0.17
upgradeable;0.18
upgraded;0.08
upheld;0.08
uphold;0.06
uplift;0.07
uplifting;0.11
upliftingly;0.14
upliftment;0.15
upscale;0.16
usable;0.04
useable;0.15
useful;0.01
user-friendly;0.05
user-replaceable;0.09
valiant;0.07
valiantly;0.07
valor;0.18
valuable;0.18
variety;0.16
venerate;0.11
verifiable;0.07
veritable;0.06
versatile;0.15
versatility;0.17
vibrant;0.17
vibrantly;0.19
victorious;0.08
victory;0.15
viewable;0.18
vigilance;0.09
vigilant;0.18
virtue;0.12
virtuous;0.01
virtuously;0.08
visionary;0.16
vivacious;0.17
vivid;0.07
vouch;0.04
vouchsafe;0
warm;0.11
warmer;0.06
warmhearted;0.15
warmly;0.09
warmth;0.12
wealthy;0.17
welcome;0.06
well;0.1
well-backlit;0.14
well-balanced;0.08
well-behaved;0.14
well-being;0.05
well-bred;0.13
well-connected;0.05
well-educated;0.18
well-established;0.02
well-informed;0.07
well-intentioned;0.05
well-known;0.01
well-made;0.08
well-managed;0.04
well-mannered;0.07
well-positioned;0.05
well-received;0.01
well-regarded;0.12
well-rounded;0.06
well-run;0.18
well-wishers;0.07
wellbeing;0.15
whoa;0.18
wholeheartedly;0.04
wholesome;0.07
whooa;0.03
whoooa;0.04
wieldy;0.08
willing;0.12
willingly;0.02
willingness;0.14
win;0.12
windfall;0.19
winnable;0.1
winner;0.17
winners;0.04
winning;0.03
wins;0.06
wisdom;0.03
wise;0.05
wisely;0.09
witty;0.12
won;0
wonder;0.19
wonderful;0.02
wonderfully;0.06
wonderous;0.17
wonderously;0.09
wonders;0.13
wondrous;0.16
woo;0.02
work;0.03
workable;0.1
worked;0.12
works;0.1
world-famous;0.03
worth;0.07
worth-while;0.06
worthiness;0.18
worthwhile;0.18
worthy;0.01
wow;0.09
wowed;0.14
wowing;0.17
wows;0.01
yay;0.14
youthful;0.08
zeal;0.14
zenith;0.15
zest;0.1
zippy;0.16
